time,pm2_5,pm10,carbon_monoxide,nitrogen_dioxide,ozone,temperature,humidity,wind_speed
2026-07-08T00:00,16.2,26.1,182.0,12.4,51.0,,,
2026-07-08T01:00,14.8,25.1,176.0,11.6,46.0,,,
2026-07-08T02:00,14.4,25.7,171.0,10.9,42.0,,,
2026-07-08T03:00,14.5,26.5,164.0,10.8,39.0,,,
2026-07-08T04:00,14.4,26.1,159.0,10.9,37.0,,,
2026-07-08T05:00,15.8,29.1,163.0,9.5,38.0,,,
2026-07-08T06:00,16.1,28.1,189.0,10.0,38.0,,,
2026-07-08T07:00,16.8,27.9,224.0,10.6,38.0,,,
2026-07-08T08:00,16.8,27.6,243.0,10.4,44.0,,,
2026-07-08T09:00,17.3,27.6,229.0,8.8,60.0,,,
2026-07-08T10:00,18.7,29.0,199.0,6.5,82.0,,,
2026-07-08T11:00,20.4,30.9,177.0,4.7,100.0,,,
2026-07-08T12:00,20.6,30.6,172.0,3.8,111.0,,,
2026-07-08T13:00,21.4,31.9,176.0,3.3,118.0,,,
2026-07-08T14:00,24.5,37.8,184.0,3.2,122.0,,,
2026-07-08T15:00,25.3,39.9,201.0,3.5,121.0,,,
2026-07-08T16:00,24.9,39.8,223.0,4.1,117.0,,,
2026-07-08T17:00,33.3,53.3,235.0,5.6,105.0,,,
2026-07-08T18:00,29.8,46.0,221.0,8.3,96.0,,,
2026-07-08T19:00,26.0,38.5,197.0,11.9,83.0,,,
2026-07-08T20:00,25.4,36.9,194.0,14.7,73.0,,,
2026-07-08T21:00,24.4,35.0,240.0,15.6,68.0,,,
2026-07-08T22:00,22.4,32.6,308.0,15.6,64.0,,,
2026-07-08T23:00,20.8,30.3,343.0,15.6,60.0,,,
2026-07-09T00:00,18.7,26.7,314.0,16.0,53.0,,,
2026-07-09T01:00,16.5,22.8,254.0,16.3,44.0,,,
2026-07-09T02:00,14.8,19.8,204.0,16.5,37.0,,,
2026-07-09T03:00,13.6,18.0,181.0,16.5,32.0,,,
2026-07-09T04:00,12.7,17.2,169.0,16.4,28.0,,,
2026-07-09T05:00,11.8,16.1,166.0,16.4,27.0,,,
2026-07-09T06:00,11.7,16.1,177.0,15.3,30.0,,,
2026-07-09T07:00,12.1,17.3,197.0,13.8,34.0,,,
2026-07-09T08:00,12.2,18.2,212.0,12.1,43.0,,,
2026-07-09T09:00,13.4,19.8,216.0,10.3,60.0,,,
2026-07-09T10:00,15.8,22.9,216.0,8.3,81.0,,,
2026-07-09T11:00,17.8,25.1,214.0,6.6,97.0,,,
2026-07-09T12:00,19.4,27.9,210.0,5.2,106.0,,,
2026-07-09T13:00,19.8,27.9,204.0,4.0,110.0,,,
2026-07-09T14:00,19.6,27.6,204.0,3.6,111.0,,,
2026-07-09T15:00,18.6,26.6,215.0,4.2,109.0,,,
2026-07-09T16:00,18.5,27.1,232.0,5.5,104.0,,,
2026-07-09T17:00,21.7,30.9,244.0,8.9,100.0,,,
2026-07-09T18:00,21.9,30.5,242.0,11.8,96.0,,,
2026-07-09T19:00,21.9,29.4,235.0,15.8,90.0,,,
2026-07-09T20:00,22.2,29.2,236.0,18.2,85.0,,,
2026-07-09T21:00,21.4,27.7,255.0,17.6,83.0,,,
2026-07-09T22:00,20.4,26.6,282.0,15.5,83.0,,,
2026-07-09T23:00,19.9,26.6,297.0,13.8,82.0,,,
2026-07-10T00:00,18.7,25.4,289.0,13.1,80.0,,,
2026-07-10T01:00,17.8,24.2,268.0,12.8,77.0,,,
2026-07-10T02:00,17.2,23.2,249.0,13.0,73.0,,,
2026-07-10T03:00,16.6,22.2,224.0,14.0,66.0,,,
2026-07-10T04:00,16.1,21.1,201.0,15.5,56.0,,,
2026-07-10T05:00,17.5,23.3,213.0,16.1,54.0,,,
2026-07-10T06:00,18.0,23.9,303.0,17.4,54.0,,,
2026-07-10T07:00,19.2,25.0,430.0,19.2,53.0,,,
2026-07-10T08:00,20.3,26.4,500.0,19.6,56.0,,,
2026-07-10T09:00,20.0,27.0,459.0,17.7,63.0,,,
2026-07-10T10:00,20.5,28.9,362.0,14.4,72.0,,,
2026-07-10T11:00,21.4,31.5,285.0,11.4,82.0,,,
2026-07-10T12:00,22.5,34.3,258.0,8.9,92.0,,,
2026-07-10T13:00,23.4,36.7,252.0,6.6,103.0,,,
2026-07-10T14:00,23.7,37.5,254.0,5.2,110.0,,,
2026-07-10T15:00,23.7,37.7,267.0,5.2,111.0,,,
2026-07-10T16:00,23.5,37.5,289.0,6.1,109.0,,,
2026-07-10T17:00,24.5,38.9,299.0,7.2,105.0,,,
2026-07-10T18:00,25.8,39.3,279.0,9.4,103.0,,,
2026-07-10T19:00,27.6,39.8,248.0,12.4,101.0,,,
2026-07-10T20:00,26.6,37.4,236.0,14.1,100.0,,,
2026-07-10T21:00,23.2,32.4,269.0,13.2,101.0,,,
2026-07-10T22:00,21.4,29.7,322.0,11.1,103.0,,,
2026-07-10T23:00,18.0,24.2,353.0,9.9,101.0,,,
2026-07-11T00:00,15.4,20.7,339.0,10.4,90.0,,,
2026-07-11T01:00,14.1,18.8,304.0,11.8,75.0,,,
2026-07-11T02:00,13.6,18.0,276.0,13.3,62.0,,,
2026-07-11T03:00,13.7,17.9,263.0,15.1,52.0,,,
2026-07-11T04:00,14.3,18.5,257.0,17.1,43.0,,,
2026-07-11T05:00,14.6,19.3,268.0,17.8,41.0,,,
2026-07-11T06:00,15.4,19.9,315.0,17.6,42.0,,,
2026-07-11T07:00,17.0,21.9,379.0,17.1,45.0,,,
2026-07-11T08:00,17.8,24.7,404.0,15.8,54.0,,,
2026-07-11T09:00,19.0,30.6,352.0,12.9,74.0,,,
2026-07-11T10:00,21.8,38.2,262.0,9.2,100.0,,,
2026-07-11T11:00,25.1,46.0,200.0,6.3,121.0,,,
2026-07-11T12:00,28.4,53.4,199.0,4.7,133.0,,,
2026-07-11T13:00,28.8,53.2,226.0,3.8,139.0,,,
2026-07-11T14:00,27.3,50.8,252.0,3.5,141.0,,,
2026-07-11T15:00,26.1,50.1,271.0,4.0,137.0,,,
2026-07-11T16:00,25.4,49.4,289.0,5.0,128.0,,,
2026-07-11T17:00,30.9,63.8,295.0,7.1,110.0,,,
2026-07-11T18:00,32.5,59.8,281.0,8.4,111.0,,,
2026-07-11T19:00,31.8,54.5,255.0,10.2,111.0,,,
2026-07-11T20:00,29.0,47.7,233.0,11.1,110.0,,,
2026-07-11T21:00,25.5,41.1,217.0,10.1,106.0,,,
2026-07-11T22:00,21.9,35.4,204.0,8.2,101.0,,,
2026-07-11T23:00,19.4,31.9,201.0,7.5,94.0,,,
2026-07-12T00:00,18.1,29.7,212.0,8.9,85.0,,,
2026-07-12T01:00,18.9,29.7,233.0,11.4,73.0,,,
2026-07-12T02:00,21.1,31.0,251.0,14.1,62.0,,,
2026-07-12T03:00,22.7,32.0,267.0,17.2,49.0,,,
2026-07-12T04:00,23.3,32.2,280.0,20.3,36.0,,,
2026-07-12T05:00,23.1,32.1,279.0,22.7,31.0,,,
2026-07-12T06:00,22.6,31.2,253.0,20.2,33.0,,,
2026-07-12T07:00,21.3,29.8,213.0,16.7,37.0,,,
2026-07-12T08:00,18.6,29.5,181.0,13.4,48.0,,,
2026-07-12T09:00,18.0,32.5,164.0,10.5,70.0,,,
2026-07-12T10:00,20.3,39.1,154.0,7.7,99.0,,,
2026-07-12T11:00,23.9,46.9,153.0,5.6,122.0,,,
2026-07-12T12:00,28.0,53.2,164.0,4.2,135.0,,,
2026-07-12T13:00,27.9,51.8,184.0,3.4,143.0,,,
2026-07-12T14:00,26.5,50.1,199.0,3.2,145.0,,,
2026-07-12T15:00,25.1,48.3,204.0,3.7,139.0,,,
2026-07-12T16:00,24.0,47.5,205.0,4.8,129.0,,,
2026-07-12T17:00,18.2,37.1,202.0,5.2,111.0,,,
2026-07-12T18:00,18.2,31.0,194.0,5.5,111.0,,,
2026-07-12T19:00,17.4,26.0,184.0,5.8,110.0,,,
2026-07-12T20:00,17.3,24.8,174.0,6.1,107.0,,,
2026-07-12T21:00,16.6,24.6,166.0,5.9,100.0,,,
2026-07-12T22:00,16.1,24.9,159.0,5.6,91.0,,,
2026-07-12T23:00,15.9,25.6,159.0,6.1,82.0,,,
2026-07-13T00:00,15.9,26.1,173.0,7.9,73.0,,,
2026-07-13T01:00,16.7,26.6,194.0,10.4,65.0,,,
2026-07-13T02:00,17.9,27.0,205.0,12.7,56.0,,,
2026-07-13T03:00,19.6,27.8,195.0,14.6,46.0,,,
2026-07-13T04:00,21.2,29.3,175.0,16.3,37.0,,,
2026-07-13T05:00,22.0,31.1,162.0,18.0,35.0,,,
2026-07-13T06:00,22.9,33.4,166.0,16.1,39.0,,,
2026-07-13T07:00,22.1,34.6,176.0,13.3,45.0,,,
2026-07-13T08:00,19.4,35.6,180.0,10.7,54.0,,,
2026-07-13T09:00,18.2,37.7,169.0,8.3,70.0,,,
2026-07-13T10:00,18.9,41.8,153.0,6.1,89.0,,,
2026-07-13T11:00,20.7,47.3,143.0,4.4,106.0,,,
2026-07-13T12:00,23.3,54.1,147.0,3.5,120.0,,,
2026-07-13T13:00,26.0,59.8,157.0,3.3,133.0,,,
2026-07-13T14:00,28.2,60.3,170.0,3.5,140.0,,,
2026-07-13T15:00,27.5,55.6,185.0,4.4,139.0,,,
2026-07-13T16:00,27.0,54.0,203.0,5.8,133.0,,,
2026-07-13T17:00,30.0,60.8,215.0,6.8,132.0,,,
2026-07-13T18:00,30.5,55.4,216.0,8.3,123.0,,,
2026-07-13T19:00,27.9,48.3,211.0,10.4,111.0,,,
2026-07-13T20:00,26.1,44.0,211.0,11.7,101.0,,,
2026-07-13T21:00,25.0,41.0,222.0,11.1,97.0,,,
2026-07-13T22:00,23.6,38.2,238.0,9.7,95.0,,,
2026-07-13T23:00,21.2,34.7,248.0,9.1,91.0,,,
2026-07-14T00:00,19.1,32.1,247.0,10.3,82.0,,,
2026-07-14T01:00,19.4,31.5,240.0,12.3,71.0,,,
2026-07-14T02:00,21.2,31.7,237.0,14.5,60.0,,,
2026-07-14T03:00,22.7,31.3,243.0,16.8,49.0,,,
2026-07-14T04:00,22.7,29.8,251.0,19.3,39.0,,,
2026-07-14T05:00,21.3,27.9,255.0,19.6,36.0,,,
2026-07-14T06:00,18.6,24.4,247.0,17.6,40.0,,,
2026-07-14T07:00,16.3,22.0,234.0,14.8,46.0,,,
2026-07-14T08:00,14.6,21.5,226.0,12.1,57.0,,,
2026-07-14T09:00,15.0,23.1,228.0,9.7,76.0,,,
2026-07-14T10:00,16.9,26.4,235.0,7.4,100.0,,,
2026-07-14T11:00,18.9,29.5,239.0,5.7,120.0,,,
2026-07-14T12:00,20.3,32.0,236.0,4.7,135.0,,,
2026-07-14T13:00,23.1,36.6,230.0,4.2,146.0,,,
2026-07-14T14:00,26.5,41.3,226.0,4.2,153.0,,,
2026-07-14T15:00,26.3,41.7,227.0,4.9,154.0,,,
2026-07-14T16:00,26.5,42.5,230.0,6.0,149.0,,,
2026-07-14T17:00,39.9,60.3,234.0,7.3,148.0,,,
2026-07-14T18:00,42.1,62.2,239.0,8.8,141.0,,,
2026-07-14T19:00,42.5,62.9,244.0,10.9,132.0,,,
2026-07-14T20:00,41.9,62.2,249.0,12.3,123.0,,,
2026-07-14T21:00,40.9,60.3,253.0,12.5,117.0,,,
2026-07-14T22:00,39.6,58.0,257.0,12.1,112.0,,,
2026-07-14T23:00,36.4,53.0,256.0,11.6,105.0,,,
2026-07-15T00:00,31.1,45.4,248.0,11.0,96.0,,,
2026-07-15T01:00,26.4,38.9,236.0,10.3,85.0,,,
2026-07-15T02:00,24.4,36.0,228.0,10.2,75.0,,,
2026-07-15T03:00,23.2,34.1,222.0,11.3,67.0,,,
2026-07-15T04:00,21.8,31.5,219.0,13.0,59.0,,,
2026-07-15T05:00,20.4,27.7,230.0,15.1,55.0,,,
2026-07-15T06:00,20.7,26.8,275.0,16.2,54.0,,,
2026-07-15T07:00,22.3,27.7,335.0,17.5,55.0,,,
2026-07-15T08:00,22.9,28.6,360.0,17.4,65.0,,,
2026-07-15T09:00,23.3,31.2,315.0,14.5,93.0,,,
2026-07-15T10:00,24.6,34.6,236.0,10.2,131.0,,,
2026-07-15T11:00,25.9,37.7,183.0,6.7,160.0,,,
2026-07-15T12:00,28.5,42.1,184.0,4.9,174.0,,,
2026-07-15T13:00,31.8,46.9,212.0,3.9,181.0,,,
2026-07-15T14:00,29.6,43.7,239.0,3.6,181.0,,,
2026-07-15T15:00,28.1,43.1,261.0,3.9,173.0,,,
2026-07-15T16:00,27.0,42.1,283.0,4.8,160.0,,,
2026-07-15T17:00,24.3,36.1,293.0,6.0,148.0,,,
2026-07-15T18:00,26.0,36.4,282.0,7.0,147.0,,,
2026-07-15T19:00,26.6,36.6,259.0,8.3,146.0,,,
2026-07-15T20:00,26.9,37.0,239.0,9.1,140.0,,,
2026-07-15T21:00,26.3,36.7,224.0,8.7,126.0,,,
2026-07-15T22:00,25.1,35.9,211.0,7.8,107.0,,,
2026-07-15T23:00,23.7,34.7,207.0,7.5,90.0,,,
2026-07-16T00:00,22.0,32.6,217.0,8.3,79.0,,,
2026-07-16T01:00,21.0,30.7,235.0,9.7,71.0,,,
2026-07-16T02:00,20.4,28.9,252.0,11.6,63.0,,,
2026-07-16T03:00,20.1,27.2,264.0,14.4,53.0,,,
2026-07-16T04:00,20.2,26.0,276.0,17.6,44.0,,,
2026-07-16T05:00,20.8,26.3,291.0,18.2,43.0,,,
2026-07-16T06:00,21.8,26.3,320.0,19.3,44.0,,,
2026-07-16T07:00,23.2,27.1,351.0,20.7,47.0,,,
2026-07-16T08:00,22.6,26.8,357.0,20.4,57.0,,,
2026-07-16T09:00,22.1,28.8,311.0,17.1,80.0,,,
2026-07-16T10:00,23.8,33.9,239.0,12.2,109.0,,,
2026-07-16T11:00,26.1,38.9,190.0,8.2,132.0,,,
2026-07-16T12:00,27.3,41.1,185.0,6.2,143.0,,,
2026-07-16T13:00,27.3,40.9,203.0,5.1,148.0,,,
2026-07-16T14:00,26.5,40.0,224.0,4.7,149.0,,,
2026-07-16T15:00,25.9,39.7,245.0,5.1,146.0,,,
2026-07-16T16:00,25.9,40.4,270.0,6.2,138.0,,,
2026-07-16T17:00,27.9,43.3,288.0,6.0,129.0,,,
2026-07-16T18:00,28.9,43.0,297.0,7.1,126.0,,,
2026-07-16T19:00,29.4,42.4,300.0,8.7,122.0,,,
2026-07-16T20:00,28.5,40.6,291.0,9.6,116.0,,,
2026-07-16T21:00,26.5,37.4,259.0,9.1,106.0,,,
2026-07-16T22:00,24.0,34.1,216.0,8.0,95.0,,,
2026-07-16T23:00,21.8,31.8,188.0,7.7,84.0,,,
2026-07-17T00:00,20.8,30.2,189.0,8.9,76.0,,,
2026-07-17T01:00,20.7,29.0,205.0,10.9,70.0,,,
2026-07-17T02:00,20.8,28.1,228.0,12.8,63.0,,,
2026-07-17T03:00,20.7,27.1,259.0,14.7,55.0,,,
2026-07-17T04:00,20.4,26.1,297.0,16.5,46.0,,,
2026-07-17T05:00,21.1,28.2,326.0,14.9,49.0,,,
2026-07-17T06:00,23.1,29.6,347.0,16.3,50.0,,,
2026-07-17T07:00,25.1,32.6,360.0,18.1,52.0,,,
2026-07-17T08:00,27.3,36.2,351.0,18.3,61.0,,,
2026-07-17T09:00,28.1,38.5,298.0,15.6,83.0,,,
2026-07-17T10:00,28.4,40.4,223.0,11.4,112.0,,,
2026-07-17T11:00,29.3,42.6,174.0,7.9,133.0,,,
2026-07-17T12:00,28.2,42.0,176.0,5.7,139.0,,,
2026-07-17T13:00,25.4,39.0,204.0,4.2,138.0,,,
2026-07-17T14:00,23.3,37.0,231.0,3.6,134.0,,,
2026-07-17T15:00,21.8,34.5,248.0,4.1,129.0,,,
2026-07-17T16:00,21.0,33.3,265.0,5.6,122.0,,,
2026-07-17T17:00,26.3,43.3,279.0,6.1,113.0,,,
2026-07-17T18:00,26.6,42.1,293.0,8.2,110.0,,,
2026-07-17T19:00,25.9,40.0,304.0,11.2,105.0,,,
2026-07-17T20:00,24.4,36.4,306.0,13.8,96.0,,,
2026-07-17T21:00,18.7,27.2,293.0,15.8,80.0,,,
2026-07-17T22:00,13.1,17.5,271.0,17.5,60.0,,,
2026-07-17T23:00,12.0,16.2,253.0,18.6,45.0,,,
2026-07-18T00:00,12.3,17.7,245.0,18.8,39.0,,,
2026-07-18T01:00,13.0,19.3,241.0,18.4,37.0,,,
2026-07-18T02:00,13.1,18.6,236.0,18.1,35.0,,,
2026-07-18T03:00,12.6,16.9,215.0,18.3,31.0,,,
2026-07-18T04:00,12.0,15.8,193.0,18.6,28.0,,,
2026-07-18T05:00,19.2,29.6,207.0,19.4,40.0,,,
2026-07-18T06:00,18.3,27.0,306.0,21.2,38.0,,,
2026-07-18T07:00,19.7,28.0,441.0,23.7,36.0,,,
2026-07-18T08:00,20.8,29.0,510.0,25.4,35.0,,,
2026-07-18T09:00,22.1,30.2,442.0,25.6,37.0,,,
2026-07-18T10:00,21.9,29.8,308.0,25.0,40.0,,,
2026-07-18T11:00,20.1,27.2,214.0,23.7,47.0,,,
2026-07-18T12:00,18.3,24.3,213.0,21.1,59.0,,,
2026-07-18T13:00,17.1,22.6,254.0,17.8,74.0,,,
2026-07-18T14:00,16.5,21.8,287.0,15.5,86.0,,,
2026-07-18T15:00,16.6,22.4,291.0,15.2,92.0,,,
2026-07-18T16:00,19.2,28.1,288.0,16.0,94.0,,,
2026-07-18T17:00,27.7,41.9,299.0,10.5,89.0,,,
2026-07-18T18:00,29.2,42.6,346.0,11.4,89.0,,,
2026-07-18T19:00,30.0,43.1,405.0,12.7,89.0,,,
2026-07-18T20:00,30.2,43.4,431.0,14.4,86.0,,,
2026-07-18T21:00,28.6,40.9,390.0,16.7,78.0,,,
2026-07-18T22:00,26.3,38.3,314.0,19.4,67.0,,,
2026-07-18T23:00,24.4,36.6,254.0,21.2,57.0,,,
2026-07-19T00:00,22.7,34.9,228.0,21.4,50.0,,,
2026-07-19T01:00,21.3,32.4,217.0,20.8,44.0,,,
2026-07-19T02:00,20.0,30.0,214.0,20.3,39.0,,,
2026-07-19T03:00,19.1,28.4,215.0,20.3,34.0,,,
2026-07-19T04:00,18.7,27.5,224.0,20.3,31.0,,,
2026-07-19T05:00,19.3,30.7,247.0,19.2,37.0,,,
2026-07-19T06:00,20.0,31.4,300.0,18.8,40.0,,,
2026-07-19T07:00,21.8,34.5,366.0,18.1,46.0,,,
2026-07-19T08:00,23.6,37.3,399.0,17.0,53.0,,,
2026-07-19T09:00,23.6,37.0,370.0,15.0,64.0,,,
2026-07-19T10:00,23.5,36.2,309.0,12.5,76.0,,,
2026-07-19T11:00,23.1,34.9,256.0,10.3,87.0,,,
2026-07-19T12:00,23.0,34.5,223.0,8.4,95.0,,,
2026-07-19T13:00,23.1,34.6,198.0,6.8,100.0,,,
2026-07-19T14:00,23.5,35.6,186.0,5.9,103.0,,,
2026-07-19T15:00,23.2,35.4,193.0,6.0,103.0,,,
2026-07-19T16:00,22.6,34.5,213.0,7.0,100.0,,,
2026-07-19T17:00,25.2,38.0,227.0,7.2,97.0,,,
2026-07-19T18:00,25.1,37.4,226.0,8.0,95.0,,,
2026-07-19T19:00,25.3,37.3,219.0,9.1,92.0,,,
2026-07-19T20:00,25.5,37.4,213.0,9.6,90.0,,,
2026-07-19T21:00,24.9,36.7,210.0,8.8,90.0,,,
2026-07-19T22:00,23.1,34.7,210.0,7.4,90.0,,,
2026-07-19T23:00,20.6,31.7,215.0,6.6,88.0,,,
2026-07-20T00:00,18.1,28.9,236.0,6.8,82.0,,,
2026-07-20T01:00,16.9,26.7,263.0,7.6,73.0,,,
2026-07-20T02:00,17.2,26.3,274.0,9.1,64.0,,,
2026-07-20T03:00,18.7,27.1,241.0,11.8,55.0,,,
2026-07-20T04:00,20.8,29.1,191.0,15.2,45.0,,,
2026-07-20T05:00,29.5,46.7,189.0,13.8,48.0,,,
2026-07-20T06:00,30.6,47.1,295.0,15.8,46.0,,,
2026-07-20T07:00,32.7,50.1,448.0,18.5,43.0,,,
2026-07-20T08:00,34.0,51.8,529.0,19.6,45.0,,,
2026-07-20T09:00,30.2,45.1,462.0,17.8,57.0,,,
2026-07-20T10:00,27.4,39.7,323.0,14.4,73.0,,,
2026-07-20T11:00,25.7,37.1,217.0,11.6,88.0,,,
2026-07-20T12:00,23.6,34.0,185.0,10.0,99.0,,,
2026-07-20T13:00,22.8,32.7,187.0,9.0,109.0,,,
2026-07-20T14:00,24.2,35.0,205.0,8.2,114.0,,,
2026-07-20T15:00,23.1,33.1,244.0,7.1,113.0,,,
2026-07-20T16:00,21.1,30.7,299.0,6.3,108.0,,,
2026-07-20T17:00,27.2,40.7,337.0,8.3,121.0,,,
2026-07-20T18:00,25.6,36.4,334.0,9.7,110.0,,,
2026-07-20T19:00,23.2,32.4,315.0,11.8,95.0,,,
2026-07-20T20:00,21.9,30.4,315.0,14.2,81.0,,,
2026-07-20T21:00,20.9,28.5,363.0,17.2,69.0,,,
2026-07-20T22:00,20.0,27.6,430.0,20.4,58.0,,,
2026-07-20T23:00,19.0,27.0,472.0,22.5,49.0,,,
2026-07-21T00:00,17.5,24.9,463.0,22.6,41.0,,,
2026-07-21T01:00,16.1,22.7,427.0,21.6,35.0,,,
2026-07-21T02:00,14.5,20.0,395.0,20.5,30.0,,,
2026-07-21T03:00,12.8,17.0,365.0,19.5,26.0,,,
2026-07-21T04:00,11.4,14.3,337.0,18.4,23.0,,,
2026-07-21T05:00,22.5,29.9,344.0,16.1,52.0,,,
2026-07-21T06:00,23.4,30.5,429.0,17.8,51.0,,,
2026-07-21T07:00,25.4,32.6,549.0,19.9,50.0,,,
2026-07-21T08:00,25.4,33.4,598.0,20.4,57.0,,,
2026-07-21T09:00,22.0,29.5,505.0,17.6,77.0,,,
2026-07-21T10:00,20.9,28.5,342.0,13.2,103.0,,,
2026-07-21T11:00,21.8,30.5,221.0,9.4,126.0,,,
2026-07-21T12:00,24.8,35.3,188.0,7.0,143.0,,,
2026-07-21T13:00,28.6,41.0,196.0,5.3,156.0,,,
2026-07-21T14:00,29.7,45.1,221.0,4.4,161.0,,,
2026-07-21T15:00,28.3,42.5,262.0,4.5,155.0,,,
2026-07-21T16:00,26.9,41.0,319.0,5.4,142.0,,,
2026-07-21T17:00,28.9,42.5,370.0,7.2,125.0,,,
2026-07-21T18:00,28.7,41.1,412.0,10.2,115.0,,,
2026-07-21T19:00,27.8,38.5,447.0,14.3,101.0,,,
2026-07-21T20:00,27.4,37.3,456.0,17.2,90.0,,,
2026-07-21T21:00,26.8,35.6,423.0,18.0,84.0,,,
2026-07-21T22:00,27.6,36.7,364.0,17.6,81.0,,,
2026-07-21T23:00,27.8,36.9,312.0,16.6,78.0,,,
2026-07-22T00:00,25.7,37.3,275.0,14.6,74.0,,,
2026-07-22T01:00,22.8,34.1,244.0,12.0,70.0,,,
2026-07-22T02:00,21.9,32.4,226.0,10.8,65.0,,,
2026-07-22T03:00,22.5,33.2,225.0,12.1,58.0,,,
2026-07-22T04:00,22.3,32.2,237.0,14.8,50.0,,,
2026-07-22T05:00,23.0,28.9,260.0,21.2,33.0,,,
2026-07-22T06:00,21.7,26.6,310.0,20.8,34.0,,,
2026-07-22T07:00,21.4,25.7,372.0,20.1,35.0,,,
2026-07-22T08:00,19.8,24.5,398.0,18.8,42.0,,,
2026-07-22T09:00,18.3,23.5,351.0,16.5,58.0,,,
2026-07-22T10:00,17.9,24.1,268.0,13.6,79.0,,,
2026-07-22T11:00,18.3,24.9,210.0,11.1,97.0,,,
2026-07-22T12:00,20.4,28.5,204.0,9.1,108.0,,,
2026-07-22T13:00,22.3,32.1,222.0,7.5,116.0,,,
2026-07-22T14:00,22.4,32.9,243.0,6.7,119.0,,,
2026-07-22T15:00,21.8,32.5,258.0,7.1,117.0,,,
2026-07-22T16:00,21.1,30.4,276.0,8.4,110.0,,,
2026-07-22T17:00,24.4,35.2,298.0,8.6,105.0,,,
2026-07-22T18:00,25.0,34.7,336.0,8.6,103.0,,,
2026-07-22T19:00,25.1,34.9,379.0,8.8,100.0,,,
2026-07-22T20:00,24.1,33.2,397.0,10.4,94.0,,,
2026-07-22T21:00,23.5,31.9,368.0,14.8,83.0,,,
2026-07-22T22:00,24.0,31.7,314.0,20.6,69.0,,,
2026-07-22T23:00,24.7,31.7,270.0,24.6,58.0,,,
2026-07-23T00:00,24.9,31.9,248.0,25.0,53.0,,,
2026-07-23T01:00,24.7,31.8,236.0,23.7,51.0,,,
2026-07-23T02:00,24.6,32.1,229.0,22.5,48.0,,,
2026-07-23T03:00,25.0,32.9,218.0,22.4,43.0,,,
2026-07-23T04:00,25.1,32.9,213.0,22.6,38.0,,,
2026-07-23T05:00,22.1,28.9,237.0,18.8,41.0,,,
2026-07-23T06:00,21.7,27.8,325.0,18.4,42.0,,,
2026-07-23T07:00,21.9,27.7,443.0,17.7,45.0,,,
2026-07-23T08:00,20.7,27.2,508.0,16.2,53.0,,,
2026-07-23T09:00,20.0,28.4,473.0,13.0,72.0,,,
2026-07-23T10:00,21.0,31.1,386.0,9.0,96.0,,,
2026-07-23T11:00,22.5,33.8,312.0,5.8,115.0,,,
2026-07-23T12:00,22.5,33.6,276.0,3.9,123.0,,,
2026-07-23T13:00,22.2,33.2,253.0,2.9,124.0,,,
2026-07-23T14:00,21.8,32.4,236.0,2.7,123.0,,,
2026-07-23T15:00,20.6,30.5,226.0,3.7,120.0,,,
2026-07-23T16:00,19.5,28.7,222.0,5.6,113.0,,,
2026-07-23T17:00,20.3,29.7,219.0,6.0,95.0,,,
2026-07-23T18:00,21.2,30.3,216.0,6.6,91.0,,,
2026-07-23T19:00,21.5,30.4,213.0,7.5,85.0,,,
2026-07-23T20:00,20.8,29.5,207.0,8.1,81.0,,,
2026-07-23T21:00,20.3,29.3,192.0,8.0,80.0,,,
2026-07-23T22:00,20.1,29.1,174.0,7.7,80.0,,,
2026-07-23T23:00,19.4,28.8,168.0,7.6,79.0,,,
2026-07-24T00:00,18.5,27.8,186.0,7.8,77.0,,,
2026-07-24T01:00,17.5,25.8,217.0,8.2,75.0,,,
2026-07-24T02:00,17.1,24.8,240.0,9.4,71.0,,,
2026-07-24T03:00,17.5,24.5,235.0,12.0,63.0,,,
2026-07-24T04:00,18.1,24.6,222.0,15.4,54.0,,,
2026-07-24T05:00,17.8,24.7,244.0,15.3,55.0,,,
2026-07-24T06:00,18.7,25.0,346.0,15.8,53.0,,,
2026-07-24T07:00,20.8,27.7,483.0,16.4,52.0,,,
2026-07-24T08:00,21.5,29.3,562.0,16.0,58.0,,,
2026-07-24T09:00,21.5,29.3,530.0,13.8,77.0,,,
2026-07-24T10:00,21.9,29.5,441.0,10.6,104.0,,,
2026-07-24T11:00,22.7,30.0,364.0,7.8,126.0,,,
2026-07-24T12:00,24.7,33.3,324.0,5.7,139.0,,,
2026-07-24T13:00,24.2,33.1,295.0,3.9,148.0,,,
2026-07-24T14:00,23.1,32.9,275.0,3.1,150.0,,,
2026-07-24T15:00,22.1,33.9,255.0,3.4,143.0,,,
2026-07-24T16:00,22.1,36.4,243.0,4.5,129.0,,,
2026-07-24T17:00,33.5,47.8,257.0,7.7,122.0,,,
2026-07-24T18:00,31.9,43.7,321.0,9.5,115.0,,,
2026-07-24T19:00,32.1,43.7,411.0,12.0,104.0,,,
2026-07-24T20:00,30.2,40.6,480.0,14.0,96.0,,,
2026-07-24T21:00,27.9,38.0,513.0,15.1,91.0,,,
2026-07-24T22:00,24.2,32.9,525.0,15.5,89.0,,,
2026-07-24T23:00,21.7,29.7,511.0,15.2,87.0,,,
2026-07-25T00:00,19.7,26.7,455.0,13.3,87.0,,,
2026-07-25T01:00,18.0,24.3,373.0,10.7,89.0,,,
2026-07-25T02:00,16.2,21.5,312.0,9.0,87.0,,,
2026-07-25T03:00,14.9,19.4,286.0,9.2,80.0,,,
2026-07-25T04:00,14.6,18.9,282.0,10.4,69.0,,,
2026-07-25T05:00,18.2,25.7,302.0,10.2,65.0,,,
2026-07-25T06:00,19.9,27.4,374.0,12.8,60.0,,,
2026-07-25T07:00,22.2,30.5,471.0,16.3,54.0,,,
2026-07-25T08:00,24.8,34.7,513.0,18.0,56.0,,,
2026-07-25T09:00,25.6,36.1,446.0,16.4,71.0,,,
2026-07-25T10:00,25.9,36.2,325.0,13.0,94.0,,,
2026-07-25T11:00,26.5,36.9,234.0,9.9,115.0,,,
2026-07-25T12:00,27.0,37.5,210.0,7.5,132.0,,,
2026-07-25T13:00,28.5,39.7,216.0,5.4,146.0,,,
2026-07-25T14:00,28.2,40.6,226.0,4.6,152.0,,,
2026-07-25T15:00,26.1,37.1,234.0,6.0,144.0,,,
2026-07-25T16:00,24.4,35.3,246.0,8.6,128.0,,,
2026-07-25T17:00,21.9,30.7,257.0,11.6,98.0,,,
2026-07-25T18:00,23.5,32.0,261.0,13.0,92.0,,,
2026-07-25T19:00,23.1,31.2,263.0,14.8,83.0,,,
2026-07-25T20:00,21.4,29.5,277.0,15.7,78.0,,,
2026-07-25T21:00,20.5,28.8,318.0,14.5,80.0,,,
2026-07-25T22:00,20.3,29.4,369.0,12.3,84.0,,,
2026-07-25T23:00,18.8,27.6,396.0,10.9,84.0,,,
2026-07-26T00:00,17.6,26.6,374.0,11.4,75.0,,,
2026-07-26T01:00,17.0,25.6,327.0,12.7,61.0,,,
2026-07-26T02:00,16.5,24.8,288.0,13.9,50.0,,,
2026-07-26T03:00,16.3,24.9,269.0,14.6,42.0,,,
2026-07-26T04:00,16.8,26.3,259.0,15.2,37.0,,,
2026-07-26T05:00,20.4,31.0,259.0,15.5,44.0,,,
2026-07-26T06:00,20.8,30.6,281.0,15.5,45.0,,,
2026-07-26T07:00,22.1,31.7,312.0,15.3,47.0,,,
2026-07-26T08:00,20.6,30.2,321.0,14.5,53.0,,,
2026-07-26T09:00,17.9,27.2,284.0,12.4,66.0,,,
2026-07-26T10:00,16.9,25.3,224.0,9.7,83.0,,,
2026-07-26T11:00,15.8,23.1,178.0,7.4,98.0,,,
2026-07-26T12:00,14.3,20.4,161.0,5.8,110.0,,,
2026-07-26T13:00,14.1,19.9,157.0,4.7,120.0,,,
2026-07-26T14:00,15.4,22.7,159.0,4.4,124.0,,,
2026-07-26T15:00,16.6,24.8,158.0,5.0,119.0,,,
2026-07-26T16:00,16.4,24.7,163.0,6.4,107.0,,,
2026-07-26T17:00,23.5,34.1,188.0,9.5,97.0,,,
2026-07-26T18:00,23.3,35.7,253.0,11.2,92.0,,,
2026-07-26T19:00,23.5,33.8,338.0,13.5,85.0,,,
2026-07-26T20:00,23.9,33.4,398.0,14.7,80.0,,,
2026-07-26T21:00,23.5,31.9,410.0,13.8,81.0,,,
2026-07-26T22:00,22.5,30.0,396.0,11.9,83.0,,,
2026-07-26T23:00,20.9,28.2,380.0,10.6,83.0,,,
2026-07-27T00:00,19.4,26.6,373.0,10.8,77.0,,,
2026-07-27T01:00,19.1,26.4,364.0,11.6,68.0,,,
2026-07-27T02:00,19.7,27.1,345.0,12.6,59.0,,,
2026-07-27T03:00,19.8,26.5,307.0,13.8,48.0,,,
2026-07-27T04:00,18.3,23.9,258.0,15.3,37.0,,,
2026-07-27T05:00,13.2,17.6,221.0,14.9,29.0,,,
2026-07-27T06:00,12.3,16.6,205.0,14.6,32.0,,,
2026-07-27T07:00,13.1,17.5,201.0,14.2,37.0,,,
2026-07-27T08:00,13.2,18.5,195.0,13.5,45.0,,,
2026-07-27T09:00,13.6,19.7,181.0,12.4,59.0,,,
2026-07-27T10:00,14.8,21.9,167.0,11.0,77.0,,,
2026-07-27T11:00,15.7,23.7,160.0,9.7,91.0,,,
2026-07-27T12:00,17.2,27.5,166.0,8.4,100.0,,,
2026-07-27T13:00,22.9,46.6,180.0,7.2,105.0,,,
2026-07-27T14:00,21.9,43.3,199.0,6.8,106.0,,,
2026-07-27T15:00,19.7,37.1,223.0,7.7,101.0,,,
2026-07-27T16:00,18.0,33.3,252.0,9.3,93.0,,,
2026-07-27T17:00,25.3,42.7,276.0,8.4,93.0,,,
2026-07-27T18:00,25.0,38.2,295.0,10.8,90.0,,,
2026-07-27T19:00,24.7,35.2,310.0,14.1,85.0,,,
2026-07-27T20:00,23.2,33.2,318.0,17.0,80.0,,,
2026-07-27T21:00,23.2,32.8,316.0,19.0,73.0,,,
2026-07-27T22:00,24.2,34.2,307.0,20.6,66.0,,,
2026-07-27T23:00,25.1,35.2,298.0,21.5,59.0,,,
2026-07-28T00:00,25.1,34.2,289.0,21.5,53.0,,,
2026-07-28T01:00,24.2,32.5,279.0,20.8,46.0,,,
2026-07-28T02:00,21.9,29.2,272.0,20.1,41.0,,,
2026-07-28T03:00,20.1,26.5,269.0,19.7,36.0,,,
2026-07-28T04:00,18.7,24.4,270.0,19.3,31.0,,,
2026-07-28T05:00,13.9,18.3,276.0,15.9,30.0,,,
2026-07-28T06:00,10.9,13.6,298.0,15.6,32.0,,,
2026-07-28T07:00,11.1,13.1,325.0,15.1,35.0,,,
2026-07-28T08:00,10.1,11.8,330.0,14.0,43.0,,,
2026-07-28T09:00,9.4,11.4,292.0,11.7,60.0,,,
2026-07-28T10:00,9.7,12.7,233.0,8.8,81.0,,,
2026-07-28T11:00,10.9,15.3,189.0,6.5,98.0,,,
2026-07-28T12:00,12.0,17.6,174.0,5.1,108.0,,,
2026-07-28T13:00,13.3,19.7,173.0,4.2,114.0,,,
2026-07-28T14:00,14.5,21.4,184.0,4.1,117.0,,,
2026-07-28T15:00,15.7,23.3,207.0,5.0,118.0,,,
2026-07-28T16:00,17.6,26.0,241.0,6.7,116.0,,,
2026-07-28T17:00,20.0,29.9,276.0,8.9,108.0,,,
2026-07-28T18:00,22.5,33.2,311.0,10.9,101.0,,,
2026-07-28T19:00,22.8,32.6,347.0,13.7,91.0,,,
2026-07-28T20:00,21.8,29.8,376.0,15.7,82.0,,,
2026-07-28T21:00,20.7,28.1,394.0,16.2,74.0,,,
2026-07-28T22:00,19.3,26.6,405.0,16.0,67.0,,,
2026-07-28T23:00,19.3,26.7,410.0,15.8,60.0,,,
2026-07-29T00:00,18.2,24.4,414.0,16.0,53.0,,,
2026-07-29T01:00,16.1,20.5,412.0,16.3,47.0,,,
2026-07-29T02:00,13.9,17.6,388.0,16.3,41.0,,,
2026-07-29T03:00,11.4,15.1,317.0,15.7,36.0,,,
2026-07-29T04:00,9.5,13.5,225.0,14.8,31.0,29.4,61.0,21.0
2026-07-29T05:00,7.1,11.2,167.0,12.6,31.0,29.3,61.0,20.2
2026-07-29T06:00,7.2,10.4,182.0,12.5,31.0,29.4,60.0,20.2
2026-07-29T07:00,7.1,10.3,232.0,12.3,32.0,30.2,58.0,22.7
2026-07-29T08:00,7.2,10.4,262.0,11.6,37.0,31.3,52.0,28.0
2026-07-29T09:00,7.9,12.0,243.0,10.1,50.0,32.9,47.0,28.6
2026-07-29T10:00,9.5,15.3,204.0,8.1,68.0,35.3,39.0,29.1
2026-07-29T11:00,12.1,23.1,178.0,6.6,82.0,36.5,36.0,29.6
2026-07-29T12:00,13.2,24.1,175.0,5.7,90.0,37.7,33.0,28.1
2026-07-29T13:00,14.3,25.1,185.0,5.2,94.0,37.3,33.0,25.4
2026-07-29T14:00,15.0,25.7,205.0,5.4,97.0,36.9,34.0,19.7
2026-07-29T15:00,16.6,28.3,237.0,6.5,100.0,36.7,35.0,21.1
2026-07-29T16:00,17.8,30.4,280.0,8.3,101.0,35.6,37.0,13.0
2026-07-29T17:00,22.4,35.3,322.0,11.8,92.0,35.8,37.0,16.9
2026-07-29T18:00,25.0,38.1,371.0,13.4,88.0,35.9,37.0,20.1
2026-07-29T19:00,24.8,38.2,420.0,15.7,81.0,34.9,39.0,19.9
2026-07-29T20:00,23.8,36.3,435.0,18.7,73.0,34.3,40.0,20.6
2026-07-29T21:00,23.6,35.0,389.0,23.1,61.0,34.1,41.0,23.0
2026-07-29T22:00,24.4,35.2,310.0,28.1,48.0,33.0,43.0,24.0
2026-07-29T23:00,25.9,39.2,250.0,31.2,38.0,32.1,47.0,21.0
2026-07-30T00:00,25.3,38.9,234.0,30.8,34.0,31.4,50.0,21.4
2026-07-30T01:00,23.7,36.8,238.0,28.4,34.0,30.9,52.0,24.6
2026-07-30T02:00,22.4,34.0,236.0,26.0,33.0,30.6,54.0,23.7
2026-07-30T03:00,20.5,29.3,213.0,24.1,29.0,30.5,53.0,25.0
2026-07-30T04:00,17.6,23.9,185.0,22.2,24.0,30.4,53.0,22.6
2026-07-30T05:00,6.1,7.7,177.0,12.7,30.0,30.1,56.0,16.5
2026-07-30T06:00,6.8,9.5,215.0,12.9,30.0,29.4,60.0,16.0
2026-07-30T07:00,7.9,11.3,274.0,13.2,31.0,30.1,59.0,14.4
2026-07-30T08:00,8.1,12.5,304.0,12.7,36.0,31.3,55.0,17.1
2026-07-30T09:00,8.4,14.1,271.0,10.8,47.0,32.5,52.0,18.0
2026-07-30T10:00,9.4,16.3,209.0,8.2,61.0,34.2,47.0,18.5
2026-07-30T11:00,10.3,18.0,166.0,6.1,75.0,35.0,44.0,21.9
2026-07-30T12:00,11.7,21.8,161.0,4.7,89.0,35.2,44.0,20.5
2026-07-30T13:00,13.6,25.9,174.0,3.8,103.0,35.9,41.0,18.5
2026-07-30T14:00,15.4,28.2,196.0,3.7,111.0,36.7,38.0,17.9
2026-07-30T15:00,16.9,28.9,223.0,4.6,112.0,37.2,35.0,18.1
2026-07-30T16:00,17.6,29.9,260.0,6.3,107.0,36.3,38.0,16.4
2026-07-30T17:00,16.3,27.2,306.0,8.0,101.0,36.1,38.0,15.6
2026-07-30T18:00,15.8,25.1,377.0,10.0,94.0,34.2,47.0,11.8
2026-07-30T19:00,15.4,23.2,459.0,12.7,84.0,31.5,67.0,13.7
2026-07-30T20:00,15.8,22.9,505.0,14.5,75.0,30.9,72.0,13.6
2026-07-30T21:00,15.3,22.5,488.0,14.4,69.0,30.7,73.0,11.7
2026-07-30T22:00,15.7,23.9,437.0,13.4,65.0,30.3,74.0,11.1
2026-07-30T23:00,15.8,24.3,391.0,13.0,60.0,30.9,65.0,15.6
2026-07-31T00:00,16.4,25.1,368.0,14.0,54.0,29.4,69.0,12.3
2026-07-31T01:00,16.8,24.9,351.0,15.7,49.0,28.7,74.0,10.0
2026-07-31T02:00,16.6,23.5,327.0,16.9,43.0,28.5,78.0,10.1
2026-07-31T03:00,15.5,20.9,275.0,17.4,37.0,28.5,78.0,9.5
2026-07-31T04:00,13.8,18.0,217.0,17.4,30.0,28.2,77.0,8.9
2026-07-31T05:00,10.5,14.6,199.0,14.3,30.0,28.9,69.0,12.2
2026-07-31T06:00,10.7,14.3,270.0,13.5,31.0,28.6,69.0,11.5
2026-07-31T07:00,11.8,15.4,383.0,12.2,34.0,29.7,67.0,8.0
2026-07-31T08:00,9.9,15.0,439.0,10.7,41.0,31.3,59.0,10.7
2026-07-31T09:00,10.0,16.3,379.0,8.7,57.0,32.7,54.0,15.1
2026-07-31T10:00,12.2,19.4,263.0,6.3,79.0,33.9,50.0,15.2
2026-07-31T11:00,15.0,23.9,176.0,4.5,96.0,35.8,43.0,20.1
2026-07-31T12:00,17.8,28.9,156.0,3.4,107.0,36.3,42.0,16.6
2026-07-31T13:00,20.0,32.8,165.0,2.7,114.0,36.6,41.0,12.1
2026-07-31T14:00,21.6,36.4,177.0,2.7,117.0,35.7,46.0,12.5
2026-07-31T15:00,20.9,34.3,183.0,3.5,116.0,33.8,59.0,15.6
2026-07-31T16:00,20.4,32.9,191.0,5.0,110.0,32.8,55.0,19.4
2026-07-31T17:00,22.5,34.8,197.0,6.6,100.0,32.6,66.0,13.9
2026-07-31T18:00,22.2,31.7,198.0,7.1,95.0,32.1,67.0,15.0
2026-07-31T19:00,21.7,30.4,197.0,7.9,89.0,30.6,75.0,15.9
2026-07-31T20:00,20.3,29.2,204.0,8.8,82.0,30.5,74.0,17.5
2026-07-31T21:00,17.6,26.3,231.0,10.1,75.0,30.6,71.0,15.2
2026-07-31T22:00,15.6,24.9,265.0,11.6,67.0,30.3,71.0,14.9
2026-07-31T23:00,15.5,25.6,284.0,12.8,60.0,29.6,72.0,16.3
2026-08-01T00:00,15.9,26.0,269.0,13.4,55.0,28.7,76.0,12.3
2026-08-01T01:00,15.9,25.8,238.0,13.8,51.0,28.8,76.0,14.2
2026-08-01T02:00,15.4,24.7,218.0,14.2,47.0,28.8,77.0,12.6
2026-08-01T03:00,14.9,23.1,213.0,14.8,43.0,28.7,77.0,11.0
2026-08-01T04:00,15.1,22.8,219.0,15.4,39.0,28.6,75.0,10.4
2026-08-01T05:00,15.0,22.5,251.0,13.1,43.0,28.9,69.0,13.1
2026-08-01T06:00,15.3,22.5,345.0,14.1,41.0,28.5,71.0,10.1
2026-08-01T07:00,16.2,23.4,465.0,15.4,40.0,29.4,72.0,7.3
2026-08-01T08:00,16.8,24.2,519.0,15.4,45.0,30.6,67.0,7.9
2026-08-01T09:00,15.8,22.6,443.0,13.1,64.0,32.1,59.0,11.1
2026-08-01T10:00,16.4,23.6,300.0,9.5,89.0,33.2,56.0,11.5
2026-08-01T11:00,18.1,26.4,195.0,6.5,110.0,34.2,52.0,9.5
2026-08-01T12:00,20.9,31.0,167.0,4.6,122.0,35.4,48.0,8.5
2026-08-01T13:00,21.4,31.8,176.0,3.3,128.0,35.5,50.0,5.2
2026-08-01T14:00,20.8,31.7,201.0,2.8,130.0,35.0,51.0,6.7
2026-08-01T15:00,20.9,32.9,244.0,3.1,126.0,30.7,69.0,14.0
2026-08-01T16:00,21.2,33.9,304.0,4.1,117.0,30.0,72.0,8.6
2026-08-01T17:00,19.8,29.5,359.0,8.4,109.0,31.7,74.0,7.0
2026-08-01T18:00,20.7,30.0,405.0,10.3,105.0,30.8,78.0,11.0
2026-08-01T19:00,21.6,30.7,445.0,12.8,100.0,30.1,79.0,11.3
2026-08-01T20:00,22.1,30.4,467.0,14.6,95.0,30.1,76.0,13.2
2026-08-01T21:00,22.5,30.0,465.0,14.7,90.0,27.0,94.0,11.6
2026-08-01T22:00,19.0,26.2,445.0,14.0,84.0,27.3,93.0,6.6
2026-08-01T23:00,16.8,23.3,417.0,13.7,79.0,26.4,90.0,20.7
2026-08-02T00:00,16.3,23.0,376.0,14.1,74.0,26.0,89.0,18.6
2026-08-02T01:00,17.5,25.1,327.0,14.9,69.0,26.5,83.0,15.2
2026-08-02T02:00,19.0,27.5,289.0,15.8,63.0,26.5,84.0,11.8
2026-08-02T03:00,20.3,30.0,269.0,17.0,55.0,26.5,85.0,11.0
2026-08-02T04:00,21.1,31.8,260.0,18.4,47.0,26.5,86.0,9.6
2026-08-02T05:00,17.3,25.0,264.0,20.0,29.0,27.8,82.0,10.3
2026-08-02T06:00,18.1,24.6,297.0,19.6,31.0,27.8,81.0,10.1
2026-08-02T07:00,19.1,25.1,344.0,18.9,35.0,28.9,79.0,9.1
2026-08-02T08:00,20.1,27.4,359.0,17.4,46.0,30.1,72.0,9.9
2026-08-02T09:00,19.7,27.7,311.0,14.2,71.0,31.4,66.0,9.4
2026-08-02T10:00,19.4,26.8,231.0,10.1,103.0,32.5,62.0,10.3
2026-08-02T11:00,20.5,28.1,174.0,6.9,126.0,33.0,59.0,11.0
2026-08-02T12:00,22.2,30.7,163.0,5.3,134.0,33.9,56.0,10.9
2026-08-02T13:00,22.5,31.8,175.0,4.5,134.0,34.6,52.0,9.7
2026-08-02T14:00,21.0,30.9,193.0,4.2,131.0,34.1,54.0,6.1
2026-08-02T15:00,20.0,31.5,209.0,4.2,124.0,29.6,77.0,5.3
2026-08-02T16:00,19.2,32.8,231.0,4.6,115.0,30.0,76.0,4.3
2026-08-02T17:00,21.6,38.1,265.0,5.6,115.0,30.4,77.0,5.0
2026-08-02T18:00,21.9,34.6,328.0,7.3,108.0,30.3,73.0,8.1
2026-08-02T19:00,22.2,33.2,402.0,9.7,99.0,29.8,74.0,9.5
2026-08-02T20:00,22.8,32.4,440.0,11.2,91.0,29.8,76.0,9.7
2026-08-02T21:00,23.8,32.0,414.0,11.0,88.0,29.4,78.0,8.7
2026-08-02T22:00,22.4,31.5,352.0,10.1,88.0,29.1,77.0,9.8
2026-08-02T23:00,17.9,25.9,292.0,9.5,85.0,30.4,77.0,15.9
2026-08-03T00:00,16.1,22.5,241.0,9.9,79.0,28.0,82.0,10.6
2026-08-03T01:00,15.5,22.1,192.0,10.7,71.0,26.9,86.0,11.3
2026-08-03T02:00,15.3,22.1,164.0,11.6,62.0,26.9,83.0,8.2
2026-08-03T03:00,14.6,21.4,161.0,12.6,52.0,27.0,82.0,9.6
2026-08-03T04:00,14.0,20.5,178.0,13.7,42.0,26.9,79.0,10.9
2026-08-03T05:00,13.4,19.7,221.0,16.1,49.0,27.0,83.0,8.2
2026-08-03T06:00,14.3,21.2,320.0,16.6,50.0,26.5,86.0,6.4
2026-08-03T07:00,16.1,24.2,445.0,17.2,52.0,26.9,87.0,5.6
2026-08-03T08:00,18.6,28.2,506.0,16.5,61.0,27.8,87.0,4.9
2026-08-03T09:00,19.2,29.7,436.0,13.5,85.0,28.9,79.0,6.3
2026-08-03T10:00,19.8,31.0,302.0,9.3,115.0,30.9,68.0,8.4
2026-08-03T11:00,20.4,32.5,215.0,6.0,139.0,32.6,61.0,7.3
2026-08-03T12:00,20.8,32.9,229.0,4.4,149.0,33.6,59.0,6.9
2026-08-03T13:00,22.5,34.9,290.0,3.8,152.0,33.7,58.0,3.6
2026-08-03T14:00,24.7,41.1,341.0,3.7,152.0,33.0,63.0,4.5
2026-08-03T15:00,23.3,41.7,362.0,4.1,149.0,29.8,80.0,8.5
2026-08-03T16:00,24.2,45.4,373.0,5.1,143.0,30.3,78.0,6.7
2026-08-03T17:00,27.9,47.6,380.0,6.6,113.0,31.8,66.0,8.5
2026-08-03T18:00,26.3,42.7,387.0,9.4,104.0,31.4,67.0,9.0
2026-08-03T19:00,23.9,37.3,390.0,13.2,92.0,31.1,67.0,8.1
2026-08-03T20:00,21.9,33.9,379.0,15.6,84.0,30.7,69.0,5.7
2026-08-03T21:00,21.0,33.1,343.0,14.9,85.0,30.4,70.0,6.5
2026-08-03T22:00,20.8,33.2,292.0,12.7,89.0,30.1,71.0,7.5
2026-08-03T23:00,21.1,33.5,249.0,11.4,90.0,30.4,71.0,10.9
2026-08-04T00:00,21.2,33.6,220.0,12.0,83.0,29.4,74.0,13.4
2026-08-04T01:00,20.7,32.4,199.0,13.4,72.0,28.8,72.0,13.1
2026-08-04T02:00,19.4,29.8,191.0,14.8,62.0,28.5,73.0,12.4
2026-08-04T03:00,19.6,30.2,203.0,16.1,52.0,28.0,75.0,8.7
2026-08-04T04:00,19.0,29.3,229.0,17.5,42.0,27.8,74.0,9.9
2026-08-04T05:00,17.2,28.2,255.0,13.9,37.0,28.4,73.0,13.7
2026-08-04T06:00,16.2,25.5,284.0,13.8,37.0,28.1,74.0,12.6
2026-08-04T07:00,15.9,23.6,313.0,13.6,39.0,29.0,72.0,11.4
2026-08-04T08:00,14.1,20.6,322.0,12.6,45.0,30.3,65.0,13.1
2026-08-04T09:00,11.8,17.5,291.0,10.2,61.0,31.6,60.0,11.5
2026-08-04T10:00,10.9,16.7,239.0,7.1,82.0,32.7,57.0,9.5
2026-08-04T11:00,10.3,15.5,202.0,4.8,99.0,33.8,55.0,10.1
2026-08-04T12:00,10.9,15.9,195.0,3.7,109.0,34.2,54.0,6.4
2026-08-04T13:00,11.7,16.7,203.0,3.3,115.0,33.2,59.0,6.0
2026-08-04T14:00,15.0,23.1,216.0,3.8,120.0,32.3,65.0,6.9
2026-08-04T15:00,18.2,28.6,232.0,5.7,126.0,31.1,67.0,8.4
2026-08-04T16:00,18.6,27.2,253.0,8.4,132.0,30.9,68.0,2.7
2026-08-04T17:00,22.0,34.6,270.0,6.2,123.0,31.5,65.0,11.6
2026-08-04T18:00,21.6,31.0,284.0,7.9,114.0,30.3,68.0,9.6
2026-08-04T19:00,21.6,30.5,294.0,10.3,102.0,29.5,75.0,11.0
2026-08-04T20:00,21.6,30.5,297.0,12.0,92.0,29.6,76.0,11.6
2026-08-04T21:00,20.0,28.6,289.0,12.3,86.0,29.7,75.0,10.3
2026-08-04T22:00,17.8,26.3,272.0,11.9,82.0,26.3,91.0,19.7
2026-08-04T23:00,15.8,23.1,251.0,11.8,77.0,29.0,77.0,10.0
2026-08-05T00:00,15.4,21.5,220.0,12.3,71.0,27.8,83.0,8.9
2026-08-05T01:00,13.8,18.5,185.0,13.1,65.0,26.2,87.0,14.3
2026-08-05T02:00,12.3,15.7,164.0,13.8,59.0,25.2,93.0,14.0
2026-08-05T03:00,11.3,13.9,165.0,14.6,51.0,25.2,92.0,11.6
2026-08-05T04:00,10.2,12.4,180.0,15.4,41.0,25.5,91.0,10.8
2026-08-05T05:00,8.1,10.7,210.0,13.3,44.0,26.6,87.0,11.8
2026-08-05T06:00,8.5,10.5,271.0,13.7,42.0,26.7,85.0,12.2
2026-08-05T07:00,9.7,11.6,345.0,14.3,40.0,27.4,82.0,10.9
2026-08-05T08:00,9.9,12.4,381.0,14.2,43.0,28.4,77.0,11.1
2026-08-05T09:00,10.5,15.2,341.0,12.9,53.0,30.0,70.0,11.6
2026-08-05T10:00,12.2,20.5,263.0,11.0,68.0,31.6,63.0,10.8
2026-08-05T11:00,14.6,25.9,204.0,9.3,82.0,31.7,59.0,12.6
2026-08-05T12:00,16.1,28.4,184.0,7.9,95.0,33.3,58.0,12.5
2026-08-05T13:00,16.2,28.1,184.0,6.6,107.0,34.2,54.0,11.9
2026-08-05T14:00,16.9,29.2,207.0,6.0,113.0,34.8,51.0,11.4
2026-08-05T15:00,18.1,31.3,250.0,5.9,111.0,34.7,50.0,9.3
2026-08-05T16:00,20.3,37.7,318.0,6.5,102.0,34.6,50.0,7.6
2026-08-05T17:00,17.3,26.4,422.0,7.6,111.0,32.2,63.0,4.9
2026-08-05T18:00,20.3,28.7,620.0,12.4,100.0,29.8,78.0,9.2
2026-08-05T19:00,20.7,28.3,855.0,19.0,84.0,29.1,78.0,4.9
2026-08-05T20:00,21.5,29.5,974.0,25.1,69.0,28.6,82.0,6.7
2026-08-05T21:00,22.5,30.6,872.0,30.4,54.0,27.1,90.0,9.5
2026-08-05T22:00,22.9,31.2,653.0,35.0,39.0,26.8,92.0,8.8
2026-08-05T23:00,22.7,31.2,481.0,36.8,29.0,28.9,82.0,2.2
2026-08-06T00:00,20.8,29.3,424.0,33.8,27.0,28.7,83.0,2.6
2026-08-06T01:00,19.2,27.2,414.0,27.9,31.0,28.5,80.0,2.7
2026-08-06T02:00,17.3,24.8,407.0,23.1,33.0,28.3,83.0,5.8
2026-08-06T03:00,16.1,23.5,381.0,21.1,31.0,28.0,84.0,7.2
2026-08-06T04:00,16.1,24.0,359.0,20.1,28.0,27.8,82.0,7.6
2026-08-06T05:00,19.6,32.6,366.0,22.0,42.0,27.3,87.0,9.2
2026-08-06T06:00,21.4,34.3,444.0,21.1,42.0,27.5,83.0,11.3
2026-08-06T07:00,22.3,34.9,552.0,19.8,42.0,28.5,80.0,9.8
2026-08-06T08:00,19.4,31.4,593.0,18.0,45.0,29.8,72.0,10.5
2026-08-06T09:00,16.6,27.9,500.0,15.6,54.0,30.6,67.0,12.5
2026-08-06T10:00,15.9,26.9,341.0,12.7,66.0,31.1,64.0,10.6
2026-08-06T11:00,15.4,26.4,220.0,10.3,79.0,31.8,60.0,11.7
2026-08-06T12:00,15.0,25.8,173.0,8.5,93.0,32.9,58.0,12.0
2026-08-06T13:00,15.4,25.4,163.0,7.0,107.0,32.6,58.0,12.0
2026-08-06T14:00,17.2,27.4,188.0,6.4,115.0,33.3,56.0,10.9
2026-08-06T15:00,18.4,29.0,268.0,6.7,114.0,32.1,61.0,7.9
2026-08-06T16:00,18.6,30.2,382.0,7.8,107.0,30.3,75.0,6.8
2026-08-06T17:00,20.5,36.6,463.0,9.3,104.0,32.8,58.0,6.6
2026-08-06T18:00,24.0,39.8,481.0,10.8,101.0,31.6,69.0,3.8
2026-08-06T19:00,24.5,41.6,465.0,12.9,97.0,30.5,74.0,4.6
2026-08-06T20:00,26.9,48.2,441.0,15.0,89.0,29.6,78.0,7.7
2026-08-06T21:00,27.4,47.7,410.0,17.3,75.0,29.2,69.0,13.3
2026-08-06T22:00,24.8,40.2,369.0,19.5,59.0,27.8,73.0,14.3
2026-08-06T23:00,20.0,30.7,339.0,20.7,46.0,26.1,89.0,13.6
2026-08-07T00:00,16.3,24.7,332.0,19.7,42.0,25.6,94.0,12.2
2026-08-07T01:00,15.1,23.2,334.0,17.7,42.0,25.9,94.0,8.6
2026-08-07T02:00,15.4,24.4,329.0,16.3,41.0,26.1,93.0,8.2
2026-08-07T03:00,16.3,25.8,298.0,16.6,38.0,26.3,93.0,7.9
2026-08-07T04:00,17.1,26.6,258.0,17.6,34.0,26.4,91.0,8.9
2026-08-07T05:00,17.1,26.4,245.0,17.4,33.0,27.1,80.0,10.7
2026-08-07T06:00,18.2,26.7,289.0,17.6,33.0,26.9,81.0,11.5
2026-08-07T07:00,19.0,26.4,360.0,17.8,33.0,27.6,80.0,10.0
2026-08-07T08:00,18.3,25.5,394.0,17.1,37.0,29.1,73.0,11.6
2026-08-07T09:00,16.1,23.2,353.0,14.7,47.0,29.9,69.0,11.2
2026-08-07T10:00,14.3,22.6,276.0,11.4,61.0,30.8,65.0,9.9
2026-08-07T11:00,14.0,23.9,220.0,8.7,72.0,31.1,60.0,15.0
2026-08-07T12:00,14.3,27.0,205.0,7.1,80.0,31.5,59.0,12.8
2026-08-07T13:00,14.8,28.5,212.0,6.1,85.0,31.8,58.0,10.7
2026-08-07T14:00,15.4,28.9,241.0,6.3,88.0,32.9,55.0,9.0
2026-08-07T15:00,16.6,29.7,310.0,8.2,88.0,28.8,80.0,11.1
2026-08-07T16:00,16.7,29.6,402.0,11.1,85.0,29.1,76.0,10.5
2026-08-07T17:00,17.5,30.5,463.0,10.6,99.0,30.6,71.0,2.9
2026-08-07T18:00,16.9,30.2,465.0,13.9,83.0,29.0,82.0,8.2
2026-08-07T19:00,13.6,21.9,437.0,18.4,61.0,28.6,83.0,8.3
2026-08-07T20:00,11.4,16.6,409.0,21.0,45.0,28.8,80.0,10.6
2026-08-07T21:00,12.1,18.0,393.0,19.6,43.0,28.5,76.0,11.5
2026-08-07T22:00,12.0,18.2,378.0,16.4,47.0,28.0,76.0,12.0
2026-08-07T23:00,12.5,20.4,360.0,14.0,50.0,28.2,74.0,14.3
2026-08-08T00:00,12.6,20.2,334.0,13.9,47.0,27.8,74.0,16.1
2026-08-08T01:00,12.7,19.4,305.0,14.7,43.0,27.5,74.0,16.6
2026-08-08T02:00,12.5,18.7,282.0,15.4,38.0,27.4,73.0,16.2
2026-08-08T03:00,12.0,17.4,268.0,15.9,33.0,27.2,74.0,13.8
2026-08-08T04:00,11.1,15.5,260.0,16.4,28.0,27.1,75.0,11.8
2026-08-08T05:00,6.9,8.6,260.0,12.8,29.0,27.8,74.0,11.9
2026-08-08T06:00,7.2,9.0,279.0,12.1,30.0,27.7,74.0,10.6
2026-08-08T07:00,7.1,9.5,307.0,11.2,31.0,28.9,73.0,8.7
2026-08-08T08:00,7.9,11.4,313.0,10.2,37.0,30.4,65.0,10.9
2026-08-08T09:00,8.7,13.0,275.0,9.3,50.0,31.2,60.0,12.8
2026-08-08T10:00,9.5,14.1,216.0,8.4,67.0,31.9,59.0,12.6
2026-08-08T11:00,10.4,15.2,174.0,7.5,81.0,32.9,55.0,12.1
2026-08-08T12:00,12.4,18.3,159.0,6.4,90.0,33.8,53.0,11.2
2026-08-08T13:00,15.1,22.9,160.0,5.4,96.0,34.6,50.0,10.3
2026-08-08T14:00,17.3,28.1,186.0,4.9,99.0,34.4,50.0,3.0
2026-08-08T15:00,17.5,30.4,256.0,5.1,100.0,28.9,78.0,7.5
2026-08-08T16:00,17.6,32.8,351.0,5.8,100.0,29.4,74.0,3.5
2026-08-08T17:00,26.3,45.6,419.0,7.2,97.0,28.7,77.0,3.0
2026-08-08T18:00,26.8,43.1,434.0,10.9,91.0,29.0,75.0,5.6
2026-08-08T19:00,26.0,40.2,422.0,16.1,83.0,28.8,76.0,7.0
2026-08-08T20:00,25.3,38.9,407.0,19.6,76.0,28.6,79.0,7.4
2026-08-08T21:00,25.0,38.5,398.0,19.8,70.0,28.3,81.0,5.0
2026-08-08T22:00,24.6,38.3,386.0,18.4,65.0,27.8,83.0,7.4
2026-08-08T23:00,24.1,37.4,371.0,17.6,59.0,27.4,79.0,14.3
2026-08-09T00:00,23.6,36.1,349.0,18.5,50.0,27.1,78.0,11.5
2026-08-09T01:00,23.3,34.6,324.0,20.1,41.0,26.9,78.0,11.1
2026-08-09T02:00,22.6,31.8,301.0,21.2,33.0,26.8,78.0,10.7
2026-08-09T03:00,21.2,28.5,281.0,21.8,27.0,26.6,79.0,9.4
2026-08-09T04:00,19.0,24.4,264.0,22.1,22.0,26.5,81.0,10.3
2026-08-09T05:00,16.5,22.7,256.0,19.8,27.0,27.3,78.0,12.4
2026-08-09T06:00,15.7,20.7,271.0,18.5,29.0,27.3,77.0,11.7
2026-08-09T07:00,15.3,19.0,296.0,16.6,33.0,28.4,73.0,10.2
2026-08-09T08:00,13.4,16.6,299.0,14.3,43.0,29.9,68.0,11.3
2026-08-09T09:00,12.2,16.5,255.0,11.1,65.0,31.3,61.0,11.9
2026-08-09T10:00,12.0,17.4,188.0,7.5,94.0,32.3,58.0,11.5
2026-08-09T11:00,12.3,17.7,144.0,4.8,115.0,33.4,55.0,10.9
2026-08-09T12:00,13.2,19.6,144.0,3.6,122.0,34.0,54.0,7.4
2026-08-09T13:00,16.2,25.7,166.0,3.3,121.0,34.1,55.0,1.7
2026-08-09T14:00,16.6,27.4,188.0,3.6,117.0,32.2,62.0,6.1
2026-08-09T15:00,15.9,27.6,199.0,4.3,111.0,28.5,78.0,8.4
2026-08-09T16:00,19.2,37.3,210.0,5.5,104.0,28.2,80.0,5.4
2026-08-09T17:00,20.2,35.0,228.0,5.4,106.0,30.0,70.0,16.2
2026-08-09T18:00,19.5,29.7,264.0,6.2,104.0,29.4,75.0,2.5
2026-08-09T19:00,18.6,25.9,307.0,7.3,102.0,29.1,74.0,7.4
2026-08-09T20:00,18.7,24.7,328.0,7.9,101.0,28.7,79.0,10.1
2026-08-09T21:00,20.4,26.5,306.0,7.2,102.0,28.7,80.0,10.6
2026-08-09T22:00,22.8,29.7,262.0,5.9,105.0,28.8,82.0,10.3
2026-08-09T23:00,22.8,30.6,228.0,5.8,102.0,29.5,84.0,11.8
2026-08-10T00:00,20.5,28.0,216.0,8.0,90.0,29.0,80.0,14.5
2026-08-10T01:00,19.0,26.1,214.0,11.3,74.0,27.8,80.0,12.4
2026-08-10T02:00,18.6,25.9,219.0,13.9,60.0,27.4,81.0,11.7
2026-08-10T03:00,18.6,25.8,231.0,15.2,50.0,27.3,82.0,11.6
2026-08-10T04:00,18.6,25.3,250.0,15.8,42.0,27.3,82.0,11.6
2026-08-10T05:00,18.3,24.6,274.0,15.9,39.0,27.9,79.0,11.5
2026-08-10T06:00,18.2,23.5,314.0,15.7,41.0,27.8,78.0,11.1
2026-08-10T07:00,18.5,23.1,360.0,15.4,45.0,29.1,73.0,10.2
2026-08-10T08:00,17.3,21.5,372.0,14.2,56.0,30.7,64.0,12.7
2026-08-10T09:00,15.9,20.9,320.0,11.5,80.0,32.0,58.0,13.6
2026-08-10T10:00,15.7,21.4,234.0,7.9,112.0,33.3,54.0,11.0
2026-08-10T11:00,16.0,22.1,173.0,5.1,135.0,34.6,49.0,8.9
2026-08-10T12:00,17.6,25.6,162.0,3.7,144.0,35.1,46.0,5.3
2026-08-10T13:00,19.6,29.0,176.0,3.0,144.0,35.3,45.0,0.4
2026-08-10T14:00,20.0,30.0,193.0,3.0,141.0,34.8,46.0,4.4
2026-08-10T15:00,20.0,31.0,205.0,3.8,135.0,32.7,60.0,12.0
2026-08-10T16:00,20.3,31.9,220.0,5.2,126.0,31.3,68.0,14.5
2026-08-10T17:00,24.2,34.0,249.0,8.7,105.0,31.1,73.0,9.7
2026-08-10T18:00,24.4,33.3,311.0,9.5,102.0,30.5,76.0,10.8
2026-08-10T19:00,25.0,34.1,386.0,10.6,97.0,30.0,78.0,9.0
2026-08-10T20:00,25.5,34.6,425.0,11.6,93.0,29.9,77.0,9.4
2026-08-10T21:00,25.7,34.3,392.0,12.4,91.0,29.6,79.0,10.4
2026-08-10T22:00,24.3,32.4,323.0,13.1,88.0,28.9,82.0,15.7
2026-08-10T23:00,21.9,28.9,271.0,13.4,85.0,28.1,85.0,17.3
2026-08-11T00:00,20.0,26.1,260.0,13.0,79.0,26.0,95.0,13.9
2026-08-11T01:00,18.0,23.3,266.0,12.2,72.0,26.0,95.0,11.4
2026-08-11T02:00,15.9,20.5,270.0,11.9,64.0,26.2,95.0,9.4
2026-08-11T03:00,14.0,18.0,255.0,12.8,55.0,26.1,94.0,11.6
2026-08-11T04:00,12.6,15.9,238.0,14.1,44.0,26.1,91.0,11.9
2026-08-11T05:00,9.2,12.6,251.0,11.8,49.0,26.3,90.0,8.1
2026-08-11T06:00,9.9,13.4,332.0,12.8,47.0,26.5,90.0,7.8
2026-08-11T07:00,11.6,15.5,443.0,14.0,45.0,27.6,86.0,6.9
2026-08-11T08:00,13.6,18.1,498.0,14.1,51.0,29.1,80.0,7.7
2026-08-11T09:00,14.7,19.8,443.0,12.1,74.0,30.8,70.0,9.2
2026-08-11T10:00,16.1,22.8,332.0,8.9,106.0,32.2,61.0,9.8
2026-08-11T11:00,18.4,26.7,248.0,6.3,130.0,32.3,60.0,8.8
2026-08-11T12:00,21.2,31.5,222.0,4.5,141.0,33.6,56.0,10.0
2026-08-11T13:00,22.6,34.0,223.0,3.3,145.0,34.5,53.0,8.6
2026-08-11T14:00,21.9,33.4,237.0,3.1,145.0,35.0,51.0,6.9
2026-08-11T15:00,21.4,33.2,269.0,4.6,140.0,34.8,50.0,5.3
2026-08-11T16:00,21.4,33.1,313.0,7.2,130.0,31.8,72.0,10.3
2026-08-11T17:00,14.8,20.3,339.0,8.8,119.0,31.0,75.0,10.9
2026-08-11T18:00,15.8,21.1,329.0,9.1,117.0,28.0,87.0,13.7
2026-08-11T19:00,16.2,21.4,299.0,9.5,115.0,28.1,83.0,13.0
2026-08-11T20:00,17.5,22.9,273.0,9.5,112.0,28.8,84.0,11.6
2026-08-11T21:00,19.0,25.0,256.0,8.5,110.0,29.2,81.0,13.4
2026-08-11T22:00,20.0,26.4,243.0,7.0,108.0,29.1,85.0,13.6
2026-08-11T23:00,19.4,25.9,231.0,6.8,103.0,29.4,83.0,16.9
2026-08-12T00:00,17.5,23.2,221.0,8.8,91.0,29.0,81.0,18.4
2026-08-12T01:00,15.9,20.4,214.0,12.0,76.0,28.1,80.0,15.6
2026-08-12T02:00,15.8,20.3,209.0,14.6,64.0,27.5,80.0,13.6
2026-08-12T03:00,16.1,20.8,199.0,15.7,57.0,27.1,80.0,11.6
2026-08-12T04:00,16.4,21.3,193.0,16.2,52.0,27.1,80.0,11.0
2026-08-12T05:00,15.6,20.6,215.0,15.9,52.0,27.7,80.0,12.3
2026-08-12T06:00,16.7,21.7,301.0,16.8,52.0,27.7,79.0,10.7
2026-08-12T07:00,18.7,23.7,415.0,17.9,53.0,28.6,76.0,9.6
2026-08-12T08:00,19.7,24.9,478.0,17.6,62.0,30.2,68.0,9.0
2026-08-12T09:00,18.8,24.2,441.0,14.6,86.0,31.6,62.0,8.9
2026-08-12T10:00,18.4,24.0,352.0,10.2,118.0,32.7,58.0,8.3
2026-08-12T11:00,19.2,25.7,278.0,6.7,142.0,33.6,55.0,7.8
2026-08-12T12:00,21.8,30.9,242.0,4.7,152.0,34.3,51.0,6.7
2026-08-12T13:00,22.4,31.9,222.0,3.5,153.0,34.5,52.0,6.3
2026-08-12T14:00,21.0,30.6,215.0,3.3,150.0,34.3,54.0,6.8
2026-08-12T15:00,20.3,30.6,230.0,4.7,140.0,33.2,61.0,10.1
2026-08-12T16:00,20.5,31.3,260.0,7.2,125.0,31.6,75.0,13.8
2026-08-12T17:00,25.2,36.7,277.0,8.8,116.0,30.7,77.0,10.0
2026-08-12T18:00,25.4,36.4,268.0,9.0,113.0,30.2,79.0,7.6
2026-08-12T19:00,25.5,36.6,247.0,9.3,108.0,29.9,80.0,8.5
2026-08-12T20:00,25.6,36.7,231.0,9.4,104.0,29.7,82.0,9.0
2026-08-12T21:00,25.0,35.7,226.0,8.9,103.0,29.5,81.0,11.0
2026-08-12T22:00,24.9,35.3,227.0,8.1,103.0,29.3,81.0,12.0
2026-08-12T23:00,25.0,35.4,231.0,8.1,100.0,29.7,84.0,14.9
2026-08-13T00:00,23.6,32.7,239.0,9.5,91.0,29.2,84.0,16.6
2026-08-13T01:00,21.4,29.5,251.0,11.6,79.0,28.9,80.0,13.3
2026-08-13T02:00,20.3,27.8,268.0,13.4,68.0,28.2,80.0,11.6
2026-08-13T03:00,19.6,27.2,291.0,14.3,60.0,27.7,83.0,10.1
2026-08-13T04:00,19.1,26.8,318.0,14.9,53.0,27.6,83.0,8.6
2026-08-13T05:00,23.0,30.9,344.0,19.5,40.0,28.5,80.0,9.6
2026-08-13T06:00,23.5,30.5,376.0,20.4,39.0,28.4,81.0,11.0
2026-08-13T07:00,24.6,31.0,406.0,21.5,39.0,29.4,76.0,10.5
2026-08-13T08:00,22.9,29.2,406.0,21.1,46.0,30.9,66.0,11.2
2026-08-13T09:00,19.8,25.4,347.0,17.8,66.0,32.2,58.0,11.2
2026-08-13T10:00,18.0,23.5,258.0,13.0,93.0,33.4,54.0,9.8
2026-08-13T11:00,17.1,22.0,199.0,9.0,116.0,33.6,52.0,14.6
2026-08-13T12:00,18.3,23.6,201.0,6.6,133.0,34.1,50.0,15.5
2026-08-13T13:00,23.5,32.6,234.0,4.9,146.0,34.7,47.0,14.9
2026-08-13T14:00,22.9,31.3,260.0,4.2,151.0,34.8,46.0,13.6
2026-08-13T15:00,20.0,27.9,264.0,4.6,143.0,35.0,45.0,8.7
2026-08-13T16:00,17.4,24.7,261.0,6.0,127.0,34.5,46.0,1.3
2026-08-13T17:00,23.2,34.5,267.0,6.6,110.0,31.6,62.0,10.7
2026-08-13T18:00,26.5,36.9,291.0,7.5,114.0,31.3,63.0,9.2
2026-08-13T19:00,28.9,39.7,322.0,8.6,120.0,31.0,62.0,10.8
2026-08-13T20:00,31.7,43.4,344.0,9.6,121.0,30.8,68.0,11.1
2026-08-13T21:00,31.9,43.2,349.0,9.9,116.0,30.6,69.0,11.3
2026-08-13T22:00,27.4,36.6,345.0,10.0,106.0,30.0,75.0,12.3
2026-08-13T23:00,21.1,27.1,330.0,10.5,96.0,30.0,73.0,13.3
2026-08-14T00:00,19.4,23.9,297.0,12.0,85.0,27.8,80.0,14.7
2026-08-14T01:00,18.1,21.2,254.0,14.0,72.0,27.3,88.0,8.1
2026-08-14T02:00,16.9,19.8,227.0,15.7,61.0,27.4,88.0,8.3
2026-08-14T03:00,16.1,19.0,229.0,17.0,52.0,27.7,87.0,8.0
2026-08-14T04:00,16.3,19.3,247.0,18.0,45.0,27.7,86.0,8.8
2026-08-14T05:00,7.5,7.5,271.0,15.6,44.0,28.3,83.0,9.3
2026-08-14T06:00,9.2,10.0,310.0,15.8,43.0,28.3,80.0,10.8
2026-08-14T07:00,11.8,13.5,354.0,16.0,43.0,29.3,73.0,11.2
2026-08-14T08:00,12.4,16.0,365.0,15.2,48.0,30.5,67.0,10.3
2026-08-14T09:00,12.1,18.0,307.0,12.3,62.0,31.7,59.0,13.6
2026-08-14T10:00,12.4,20.5,216.0,8.4,82.0,32.6,55.0,13.1
2026-08-14T11:00,13.2,22.4,157.0,5.4,99.0,33.7,53.0,12.1
2026-08-14T12:00,14.4,23.9,163.0,4.1,113.0,34.5,50.0,11.0
2026-08-14T13:00,19.0,30.3,201.0,3.7,126.0,35.0,49.0,9.8
2026-08-14T14:00,21.4,32.9,234.0,3.8,132.0,35.0,49.0,6.5
2026-08-14T15:00,20.3,31.3,249.0,4.3,128.0,35.1,48.0,6.8
2026-08-14T16:00,18.6,28.7,259.0,5.2,118.0,33.8,54.0,7.0
2026-08-14T17:00,24.0,35.4,263.0,5.9,118.0,30.5,77.0,13.9
2026-08-14T18:00,25.6,36.2,257.0,7.1,116.0,30.1,74.0,10.9
2026-08-14T19:00,26.7,36.7,244.0,8.8,112.0,30.2,76.0,7.3
2026-08-14T20:00,27.2,37.1,235.0,10.1,106.0,30.2,76.0,8.0
2026-08-14T21:00,25.7,34.5,234.0,10.7,97.0,30.2,76.0,10.3
2026-08-14T22:00,21.7,29.0,237.0,10.9,86.0,29.9,78.0,12.8
2026-08-14T23:00,17.7,22.6,241.0,11.3,76.0,30.0,81.0,13.5
2026-08-15T00:00,15.5,19.4,246.0,12.1,68.0,29.3,79.0,12.6
2026-08-15T01:00,14.0,17.4,252.0,13.1,61.0,28.8,77.0,12.3
2026-08-15T02:00,12.8,16.2,259.0,14.1,55.0,28.2,75.0,11.5
2026-08-15T03:00,12.9,16.4,263.0,15.2,49.0,28.1,76.0,9.2
2026-08-15T04:00,13.2,16.4,268.0,16.3,43.0,28.1,76.0,9.3
2026-08-15T05:00,10.1,11.9,281.0,16.1,42.0,28.7,74.0,10.4
2026-08-15T06:00,11.0,12.8,319.0,16.5,40.0,28.5,73.0,11.2
2026-08-15T07:00,12.4,14.6,366.0,16.9,38.0,29.1,70.0,10.4
2026-08-15T08:00,12.3,15.4,378.0,16.4,42.0,30.4,64.0,10.3
2026-08-15T09:00,11.8,16.2,319.0,14.0,57.0,31.4,56.0,14.1
2026-08-15T10:00,12.1,17.5,226.0,10.7,78.0,32.3,54.0,13.4
2026-08-15T11:00,13.5,20.6,164.0,7.8,96.0,32.7,54.0,15.3
2026-08-15T12:00,17.5,27.1,166.0,5.8,110.0,33.8,50.0,14.7
2026-08-15T13:00,20.4,31.0,198.0,4.4,121.0,33.8,48.0,14.8
2026-08-15T14:00,20.5,31.9,229.0,3.6,127.0,35.3,43.0,12.4
2026-08-15T15:00,19.4,30.9,249.0,3.8,124.0,35.5,43.0,5.2
2026-08-15T16:00,18.9,30.5,267.0,4.7,115.0,34.8,45.0,2.7
2026-08-15T17:00,16.2,25.3,275.0,5.8,111.0,32.9,55.0,6.1
2026-08-15T18:00,16.1,24.9,264.0,7.3,108.0,30.4,77.0,11.5
2026-08-15T19:00,16.8,25.6,242.0,9.4,105.0,29.9,73.0,13.9
2026-08-15T20:00,17.8,26.0,229.0,10.7,101.0,29.5,81.0,13.7
2026-08-15T21:00,19.2,27.5,235.0,10.5,98.0,29.5,81.0,12.5
2026-08-15T22:00,19.1,26.8,249.0,9.5,94.0,29.2,81.0,11.8
2026-08-15T23:00,18.3,26.0,260.0,9.2,89.0,29.7,82.0,15.3
2026-08-16T00:00,17.1,25.0,261.0,10.0,81.0,29.3,82.0,14.4
2026-08-16T01:00,17.2,24.8,259.0,11.4,72.0,29.1,80.0,12.7
2026-08-16T02:00,18.0,25.0,259.0,13.2,63.0,28.6,78.0,10.5
2026-08-16T03:00,18.9,25.4,263.0,15.8,52.0,28.2,79.0,8.7
2026-08-16T04:00,19.2,24.8,268.0,18.8,41.0,27.8,82.0,8.7
2026-08-16T05:00,19.2,24.9,275.0,19.3,38.0,28.6,78.0,10.6
2026-08-16T06:00,17.8,22.4,288.0,17.7,41.0,28.8,70.0,11.4
2026-08-16T07:00,16.5,20.7,302.0,15.5,45.0,30.0,62.0,11.5
2026-08-16T08:00,14.6,19.3,299.0,13.0,55.0,31.4,57.0,14.1
2026-08-16T09:00,13.6,19.2,260.0,10.2,75.0,32.4,53.0,12.4
2026-08-16T10:00,13.2,19.3,203.0,7.3,100.0,33.5,51.0,10.2
2026-08-16T11:00,13.0,18.9,164.0,5.0,120.0,34.1,49.0,10.6
2026-08-16T12:00,14.6,21.2,161.0,3.7,133.0,34.8,46.0,10.1
2026-08-16T13:00,19.1,28.6,176.0,3.1,140.0,35.2,43.0,4.7
2026-08-16T14:00,19.5,29.5,191.0,3.0,141.0,33.9,53.0,7.9
2026-08-16T15:00,18.2,27.9,205.0,3.5,130.0,32.2,64.0,13.6
2026-08-16T16:00,17.1,26.4,220.0,4.6,112.0,31.8,69.0,13.5
2026-08-16T17:00,14.6,22.1,223.0,4.4,125.0,31.5,64.0,13.0
2026-08-16T18:00,15.4,22.4,202.0,4.7,121.0,30.8,74.0,11.4
2026-08-16T19:00,15.7,21.7,170.0,5.0,116.0,30.5,75.0,11.9
2026-08-16T20:00,17.1,23.4,151.0,5.4,110.0,30.4,74.0,12.9
2026-08-16T21:00,18.6,25.9,159.0,5.6,102.0,30.0,81.0,12.5
2026-08-16T22:00,18.6,26.5,180.0,5.9,94.0,30.0,80.0,11.9
2026-08-16T23:00,17.4,25.3,198.0,6.5,85.0,30.0,78.0,13.9
2026-08-17T00:00,15.5,22.5,205.0,7.7,77.0,29.6,79.0,11.9
2026-08-17T01:00,13.9,19.6,209.0,9.1,68.0,29.3,78.0,9.8
2026-08-17T02:00,13.2,17.8,213.0,10.7,61.0,28.9,77.0,9.0
2026-08-17T03:00,13.2,17.0,218.0,12.2,54.0,28.5,77.0,8.6
2026-08-17T04:00,13.2,16.7,224.0,13.8,49.0,28.3,77.0,7.3
2026-08-17T05:00,20.9,26.1,236.0,15.6,47.0,28.6,77.0,9.3
2026-08-17T06:00,22.9,28.8,263.0,16.2,47.0,28.7,76.0,10.5
2026-08-17T07:00,25.3,32.2,296.0,16.8,48.0,29.7,70.0,11.9
2026-08-17T08:00,25.0,33.4,307.0,16.3,55.0,31.0,63.0,12.4
2026-08-17T09:00,22.6,31.9,275.0,13.6,73.0,31.9,57.0,12.9
2026-08-17T10:00,21.0,32.9,221.0,9.8,97.0,33.1,52.0,11.2
2026-08-17T11:00,20.7,34.1,184.0,6.8,118.0,34.3,48.0,10.6
2026-08-17T12:00,22.1,36.1,184.0,5.3,135.0,34.7,47.0,8.3
2026-08-17T13:00,25.2,39.3,201.0,4.5,149.0,35.3,43.0,1.9
2026-08-17T14:00,27.5,41.8,216.0,4.3,156.0,34.2,50.0,6.3
2026-08-17T15:00,27.0,40.5,221.0,4.5,154.0,33.0,59.0,11.2
2026-08-17T16:00,26.6,39.8,225.0,5.2,145.0,31.7,69.0,12.9
2026-08-17T17:00,25.6,36.1,229.0,5.7,136.0,30.8,71.0,17.3
2026-08-17T18:00,26.0,36.2,239.0,6.5,129.0,30.5,74.0,9.3
2026-08-17T19:00,25.2,35.2,249.0,7.5,119.0,30.3,76.0,8.1
2026-08-17T20:00,23.6,32.9,249.0,8.0,110.0,30.1,76.0,9.9
2026-08-17T21:00,21.0,29.5,223.0,7.3,103.0,30.0,76.0,11.7
2026-08-17T22:00,17.1,24.4,187.0,6.1,97.0,29.6,84.0,13.6
2026-08-17T23:00,14.0,20.5,169.0,5.7,90.0,30.0,83.0,15.8
2026-08-18T00:00,13.0,19.8,188.0,6.6,81.0,29.6,82.0,16.8
2026-08-18T01:00,13.5,20.3,225.0,8.2,71.0,28.8,80.0,12.6
2026-08-18T02:00,15.0,21.4,259.0,10.0,62.0,28.1,79.0,12.0
2026-08-18T03:00,16.1,22.1,285.0,12.2,54.0,27.7,81.0,10.4
2026-08-18T04:00,16.9,22.8,307.0,14.7,46.0,27.5,82.0,9.4
2026-08-18T05:00,18.2,23.8,312.0,17.5,41.0,28.6,79.0,8.7
2026-08-18T06:00,18.7,24.1,290.0,17.0,44.0,28.9,77.0,9.4
2026-08-18T07:00,19.7,25.1,252.0,16.1,48.0,30.8,62.0,12.0
2026-08-18T08:00,18.0,24.3,217.0,14.5,59.0,32.3,51.0,17.3
2026-08-18T09:00,17.1,24.9,189.0,11.6,81.0,33.4,46.0,14.6
2026-08-18T10:00,17.2,27.1,165.0,8.0,110.0,34.9,42.0,12.7
2026-08-18T11:00,18.2,29.1,151.0,5.2,133.0,35.9,40.0,12.5
2026-08-18T12:00,21.0,33.2,154.0,3.8,147.0,35.9,39.0,11.5
2026-08-18T13:00,25.3,39.0,167.0,3.1,156.0,36.1,39.0,5.1
2026-08-18T14:00,25.1,39.0,182.0,3.0,159.0,35.0,44.0,6.0
2026-08-18T15:00,24.2,38.4,196.0,3.4,152.0,32.6,56.0,14.7
2026-08-18T16:00,22.8,36.9,212.0,4.2,138.0,32.1,57.0,13.6
2026-08-18T17:00,27.9,48.8,225.0,5.0,128.0,32.8,56.0,8.9
2026-08-18T18:00,28.1,46.2,231.0,5.2,127.0,32.2,55.0,10.9
2026-08-18T19:00,28.9,47.3,234.0,5.5,126.0,31.8,57.0,13.5
2026-08-18T20:00,29.6,48.3,241.0,5.7,123.0,31.5,61.0,13.7
2026-08-18T21:00,29.8,48.7,262.0,5.6,119.0,31.1,68.0,14.4
2026-08-18T22:00,29.6,48.0,287.0,5.4,114.0,30.8,72.0,12.3
2026-08-18T23:00,27.2,43.4,294.0,5.7,108.0,31.2,67.0,12.7
2026-08-19T00:00,21.0,31.5,263.0,7.0,99.0,28.6,78.0,15.5
2026-08-19T01:00,17.2,24.3,214.0,8.8,88.0,27.8,80.0,9.6
2026-08-19T02:00,16.7,23.6,179.0,10.6,78.0,27.6,79.0,14.1
2026-08-19T03:00,16.5,23.2,169.0,12.1,69.0,26.1,86.0,11.9
2026-08-19T04:00,15.8,21.9,173.0,13.6,61.0,25.8,91.0,11.6
2026-08-19T05:00,15.8,21.4,193.0,16.5,54.0,27.7,79.0,5.6
2026-08-19T06:00,15.5,20.3,248.0,16.6,53.0,27.1,83.0,11.7
2026-08-19T07:00,16.7,22.2,320.0,16.7,53.0,27.6,82.0,5.7
2026-08-19T08:00,18.1,25.0,353.0,15.7,60.0,30.0,72.0,6.6
2026-08-19T09:00,17.1,24.2,308.0,12.7,78.0,32.5,58.0,8.1
2026-08-19T10:00,16.2,23.2,225.0,8.8,103.0,34.6,48.0,12.6
2026-08-19T11:00,16.9,24.4,170.0,5.7,124.0,35.9,44.0,10.7
2026-08-19T12:00,18.7,27.1,175.0,4.3,137.0,35.2,45.0,8.3
2026-08-19T13:00,19.3,27.2,207.0,3.7,146.0,34.7,48.0,5.3
2026-08-19T14:00,21.4,32.1,239.0,3.9,150.0,28.9,77.0,11.8
2026-08-19T15:00,20.3,32.2,260.0,4.8,149.0,30.4,68.0,3.1
2026-08-19T16:00,20.7,31.2,280.0,6.5,143.0,31.4,65.0,6.5
2026-08-19T17:00,27.0,40.7,298.0,6.0,134.0,31.6,65.0,12.6
2026-08-19T18:00,28.0,39.8,319.0,6.9,134.0,30.1,75.0,11.3
2026-08-19T19:00,27.8,38.6,339.0,8.2,134.0,29.9,77.0,10.1
2026-08-19T20:00,27.2,37.6,344.0,9.2,130.0,29.6,79.0,8.8
2026-08-19T21:00,27.9,41.0,323.0,9.6,121.0,29.4,80.0,11.5
2026-08-19T22:00,24.1,33.4,288.0,9.7,109.0,28.9,80.0,11.6
2026-08-19T23:00,19.8,28.5,259.0,10.0,98.0,27.8,85.0,13.5
2026-08-20T00:00,17.1,24.4,246.0,10.5,88.0,27.5,86.0,15.3
2026-08-20T01:00,16.2,23.3,239.0,11.2,79.0,26.8,88.0,12.6
2026-08-20T02:00,16.2,23.1,234.0,12.1,70.0,26.7,88.0,11.2
2026-08-20T03:00,16.2,23.2,222.0,13.4,62.0,26.7,89.0,10.7
2026-08-20T04:00,16.2,23.1,212.0,15.0,54.0,26.6,91.0,10.9
2026-08-20T05:00,14.0,19.8,227.0,16.2,52.0,27.3,85.0,12.7
2026-08-20T06:00,14.6,20.8,299.0,16.5,53.0,27.4,84.0,10.7
2026-08-20T07:00,16.3,23.3,395.0,16.8,55.0,28.7,78.0,10.5
2026-08-20T08:00,18.3,25.9,439.0,16.0,63.0,30.6,68.0,11.6
2026-08-20T09:00,18.6,26.6,378.0,13.1,85.0,32.3,59.0,11.0
2026-08-20T10:00,18.9,27.4,265.0,9.0,113.0,33.8,54.0,10.7
2026-08-20T11:00,19.6,28.8,186.0,5.9,133.0,34.8,50.0,11.0
2026-08-20T12:00,21.2,31.9,182.0,4.4,137.0,35.3,48.0,8.9
2026-08-20T13:00,22.6,37.0,211.0,3.8,134.0,35.8,45.0,7.1
2026-08-20T14:00,22.0,39.2,240.0,3.8,130.0,34.9,47.0,3.4
2026-08-20T15:00,21.9,39.7,256.0,4.3,129.0,32.5,60.0,11.9
2026-08-20T16:00,22.2,40.6,271.0,5.3,128.0,31.0,69.0,14.1
2026-08-20T17:00,20.3,34.6,287.0,6.2,128.0,32.5,62.0,13.1
2026-08-20T18:00,18.4,26.6,308.0,6.8,127.0,31.9,67.0,12.9
2026-08-20T19:00,16.4,22.2,329.0,7.7,124.0,29.9,76.0,11.6
2026-08-20T20:00,16.1,20.8,339.0,8.8,119.0,29.9,76.0,11.6
2026-08-20T21:00,18.0,22.9,330.0,10.2,110.0,29.6,76.0,12.2
2026-08-20T22:00,18.7,24.7,310.0,11.9,99.0,28.9,78.0,11.2
2026-08-20T23:00,16.9,25.4,295.0,13.1,87.0,29.5,76.0,11.1
2026-08-21T00:00,15.8,24.3,291.0,13.6,75.0,29.0,76.0,11.6
2026-08-21T01:00,15.0,22.9,292.0,13.6,62.0,28.3,77.0,9.3
2026-08-21T02:00,14.0,20.7,293.0,13.9,51.0,28.0,77.0,10.9
2026-08-21T03:00,13.5,19.2,296.0,14.8,43.0,27.8,78.0,11.4
2026-08-21T04:00,13.4,18.3,300.0,16.0,37.0,27.6,79.0,10.7
2026-08-21T05:00,13.8,18.0,298.0,16.7,34.0,28.4,77.0,11.7
2026-08-21T06:00,13.5,16.8,286.0,15.8,37.0,28.6,72.0,12.2
2026-08-21T07:00,13.8,16.5,267.0,14.5,42.0,30.5,58.0,11.5
2026-08-21T08:00,13.0,16.3,245.0,12.8,52.0,32.2,50.0,15.5
2026-08-21T09:00,12.2,16.4,216.0,10.3,73.0,33.5,46.0,13.4
2026-08-21T10:00,12.3,17.3,185.0,7.5,98.0,34.9,44.0,10.8
2026-08-21T11:00,13.1,18.3,164.0,5.3,118.0,35.4,44.0,7.7
2026-08-21T12:00,16.2,23.1,159.0,4.2,126.0,36.3,41.0,2.2
2026-08-21T13:00,18.9,28.6,165.0,3.9,128.0,35.2,45.0,9.0
2026-08-21T14:00,18.5,29.0,180.0,4.3,128.0,31.7,58.0,17.0
2026-08-21T15:00,17.5,27.5,201.0,5.3,126.0,29.4,67.0,7.5
2026-08-21T16:00,17.3,28.6,232.0,7.1,121.0,30.9,62.0,8.7
2026-08-21T17:00,23.9,38.5,280.0,11.2,118.0,30.0,72.0,14.8
2026-08-21T18:00,24.3,36.1,375.0,12.8,118.0,30.0,72.0,10.3
2026-08-21T19:00,24.3,34.9,487.0,15.0,118.0,28.9,77.0,9.4
2026-08-21T20:00,24.4,34.3,538.0,16.6,115.0,28.6,78.0,11.4
2026-08-21T21:00,24.3,33.4,468.0,16.9,108.0,28.3,76.0,11.9
2026-08-21T22:00,23.9,32.9,336.0,16.5,99.0,28.1,73.0,12.2
2026-08-21T23:00,23.2,32.0,242.0,16.1,89.0,28.7,69.0,11.9
2026-08-22T00:00,22.5,31.4,232.0,15.8,79.0,27.8,74.0,11.3
2026-08-22T01:00,22.0,31.2,260.0,15.4,69.0,27.2,79.0,11.9
2026-08-22T02:00,21.2,30.4,285.0,15.6,60.0,27.1,81.0,11.8
2026-08-22T03:00,21.2,29.9,293.0,17.0,50.0,27.1,81.0,11.2
2026-08-22T04:00,21.2,28.8,299.0,18.9,42.0,26.9,82.0,10.1
2026-08-22T05:00,18.6,23.3,303.0,19.5,37.0,28.2,70.0,14.8
2026-08-22T06:00,17.6,21.4,311.0,19.1,39.0,27.8,71.0,13.2
2026-08-22T07:00,17.6,20.8,318.0,18.4,42.0,28.7,68.0,11.7
2026-08-22T08:00,16.1,19.3,309.0,16.8,50.0,30.2,61.0,14.1
2026-08-22T09:00,14.8,18.7,265.0,13.6,68.0,31.6,54.0,14.6
2026-08-22T10:00,14.5,18.7,205.0,9.5,92.0,32.8,50.0,13.5
2026-08-22T11:00,14.0,18.3,168.0,6.4,111.0,33.7,46.0,14.2
2026-08-22T12:00,13.0,16.8,175.0,4.9,122.0,34.7,43.0,13.3
2026-08-22T13:00,12.6,16.3,206.0,4.5,127.0,35.6,39.0,13.4
2026-08-22T14:00,14.4,19.7,232.0,5.4,128.0,36.0,38.0,7.3
2026-08-22T15:00,17.3,25.0,244.0,8.5,121.0,34.8,44.0,4.9
2026-08-22T16:00,17.7,25.2,253.0,12.8,109.0,32.9,59.0,10.1
2026-08-22T17:00,21.5,30.5,263.0,10.6,124.0,31.0,65.0,17.2
2026-08-22T18:00,21.3,29.2,279.0,10.3,120.0,30.6,69.0,13.6
2026-08-22T19:00,20.9,28.3,296.0,9.8,115.0,30.5,72.0,14.0
2026-08-22T20:00,20.1,27.2,308.0,9.4,109.0,30.4,74.0,14.5
2026-08-22T21:00,20.5,27.8,312.0,9.0,104.0,30.1,75.0,16.4
2026-08-22T22:00,19.8,26.0,310.0,8.7,98.0,29.9,78.0,14.7
2026-08-22T23:00,15.9,20.5,300.0,8.8,91.0,30.1,78.0,14.0
2026-08-23T00:00,13.5,17.2,276.0,9.5,82.0,29.6,77.0,13.1
2026-08-23T01:00,12.9,16.1,244.0,10.6,71.0,29.2,76.0,12.4
2026-08-23T02:00,12.7,15.7,224.0,11.8,62.0,29.1,72.0,10.5
2026-08-23T03:00,12.5,15.2,226.0,13.3,55.0,28.6,74.0,9.7
2026-08-23T04:00,12.5,15.0,239.0,14.9,49.0,28.3,75.0,10.3
2026-08-23T05:00,13.1,15.1,254.0,16.6,49.0,28.9,74.0,8.2
2026-08-23T06:00,13.4,15.2,275.0,16.8,47.0,28.5,74.0,10.2
2026-08-23T07:00,14.4,16.2,298.0,16.9,45.0,29.5,67.0,10.0
2026-08-23T08:00,14.8,17.4,301.0,15.9,49.0,30.7,61.0,12.0
2026-08-23T09:00,14.0,18.2,262.0,12.8,66.0,32.1,55.0,13.1
2026-08-23T10:00,14.4,20.3,203.0,8.6,90.0,33.1,51.0,11.2
2026-08-23T11:00,14.9,22.3,162.0,5.4,108.0,33.8,47.0,10.8
2026-08-23T12:00,15.9,24.6,158.0,3.9,115.0,34.1,46.0,8.0
2026-08-23T13:00,17.7,27.5,171.0,3.2,117.0,34.9,43.0,2.5
2026-08-23T14:00,18.0,28.2,186.0,3.2,117.0,34.2,47.0,5.8
2026-08-23T15:00,18.0,28.1,197.0,3.8,118.0,32.3,62.0,12.9
2026-08-23T16:00,19.4,29.8,209.0,5.0,119.0,31.8,66.0,16.8
2026-08-23T17:00,26.5,37.3,218.0,5.4,104.0,31.1,65.0,11.4
2026-08-23T18:00,27.9,38.3,220.0,5.7,107.0,30.8,71.0,10.4
2026-08-23T19:00,29.2,41.1,219.0,6.1,110.0,30.1,73.0,9.6
2026-08-23T20:00,27.5,39.2,220.0,6.8,109.0,28.2,87.0,7.4
2026-08-23T21:00,21.2,29.2,229.0,8.1,100.0,27.3,94.0,8.0
2026-08-23T22:00,17.5,23.1,240.0,9.6,87.0,26.9,91.0,20.7
2026-08-23T23:00,15.4,20.1,243.0,10.7,76.0,27.3,89.0,9.6
2026-08-24T00:00,13.5,18.4,231.0,10.9,69.0,26.9,92.0,5.7
2026-08-24T01:00,12.3,17.4,212.0,10.7,65.0,26.7,93.0,4.0
2026-08-24T02:00,12.0,16.9,196.0,10.8,60.0,26.7,94.0,5.4
2026-08-24T03:00,12.4,17.1,178.0,11.5,55.0,26.8,94.0,4.7
2026-08-24T04:00,12.9,17.3,163.0,12.4,50.0,26.9,92.0,7.2
2026-08-24T05:00,12.2,16.1,183.0,13.2,41.0,27.4,91.0,8.1
2026-08-24T06:00,13.0,16.4,280.0,14.4,37.0,27.2,84.0,10.1
2026-08-24T07:00,14.3,17.3,412.0,16.0,31.0,27.6,78.0,10.7
2026-08-24T08:00,14.4,19.2,481.0,16.6,30.0,28.6,76.0,8.3
2026-08-24T09:00,14.6,22.2,424.0,15.2,37.0,29.7,70.0,10.3
2026-08-24T10:00,14.0,21.4,303.0,12.8,48.0,30.8,64.0,11.4
2026-08-24T11:00,14.1,21.1,214.0,10.7,60.0,31.6,59.0,16.2
2026-08-24T12:00,13.2,18.5,193.0,9.2,74.0,31.8,59.0,13.0
2026-08-24T13:00,12.1,16.2,202.0,7.9,89.0,32.5,58.0,12.0
2026-08-24T14:00,12.4,16.6,223.0,7.2,99.0,32.4,58.0,9.9
2026-08-24T15:00,14.6,19.8,251.0,7.1,103.0,29.7,69.0,17.3
2026-08-24T16:00,16.3,22.5,291.0,7.7,102.0,27.2,89.0,6.1
2026-08-24T17:00,20.8,28.8,334.0,10.9,89.0,30.1,76.0,11.9
2026-08-24T18:00,23.9,32.7,383.0,15.6,78.0,29.0,78.0,10.5
2026-08-24T19:00,21.5,28.5,435.0,22.0,62.0,28.1,84.0,11.8
2026-08-24T20:00,18.6,23.5,473.0,26.3,50.0,26.0,95.0,11.2
2026-08-24T21:00,16.8,20.9,495.0,26.5,44.0,26.2,94.0,6.7
2026-08-24T22:00,16.2,20.2,502.0,24.5,41.0,26.3,94.0,7.6
2026-08-24T23:00,14.9,18.4,485.0,22.2,40.0,26.1,93.0,12.5
2026-08-25T00:00,13.8,16.9,426.0,19.9,41.0,25.8,90.0,10.9
2026-08-25T01:00,13.4,16.6,342.0,17.4,44.0,25.9,89.0,9.5
2026-08-25T02:00,13.4,16.6,277.0,15.8,45.0,25.9,90.0,9.5
2026-08-25T03:00,13.7,16.9,243.0,15.9,42.0,25.9,89.0,9.2
2026-08-25T04:00,14.0,16.8,228.0,17.0,36.0,26.0,88.0,10.5
2026-08-25T05:00,13.1,16.8,240.0,15.6,39.0,26.7,87.0,12.0
2026-08-25T06:00,14.1,17.8,306.0,16.7,35.0,26.8,86.0,12.4
2026-08-25T07:00,15.0,18.3,400.0,18.2,30.0,27.6,82.0,11.6
2026-08-25T08:00,15.4,19.0,449.0,18.1,34.0,28.4,80.0,11.0
2026-08-25T09:00,13.5,17.0,408.0,15.1,54.0,29.7,72.0,12.1
2026-08-25T10:00,13.2,17.7,322.0,10.7,82.0,30.8,67.0,9.5
2026-08-25T11:00,14.1,19.4,255.0,7.2,103.0,32.5,61.0,12.1
2026-08-25T12:00,16.5,23.1,222.0,5.2,111.0,32.3,60.0,8.7
2026-08-25T13:00,17.3,24.9,208.0,4.1,112.0,32.8,58.0,7.7
2026-08-25T14:00,16.4,24.1,225.0,4.7,109.0,32.3,60.0,8.2
2026-08-25T15:00,17.2,25.9,298.0,7.7,103.0,32.1,62.0,8.4
2026-08-25T16:00,17.5,26.0,404.0,12.2,94.0,31.9,65.0,9.2
2026-08-25T17:00,23.2,32.4,484.0,12.8,80.0,30.7,74.0,12.0
2026-08-25T18:00,23.4,30.2,517.0,14.0,80.0,29.6,79.0,11.1
2026-08-25T19:00,23.3,29.0,525.0,15.8,81.0,28.7,86.0,4.1
2026-08-25T20:00,23.1,28.5,517.0,17.7,78.0,28.6,87.0,8.0
2026-08-25T21:00,22.7,28.1,492.0,20.0,70.0,28.8,86.0,8.9
2026-08-25T22:00,22.1,28.4,450.0,22.5,59.0,28.6,85.0,7.9
2026-08-25T23:00,21.9,28.4,406.0,24.3,49.0,29.6,77.0,10.3
2026-08-26T00:00,22.0,29.2,356.0,25.2,43.0,27.8,80.0,18.4
2026-08-26T01:00,22.5,30.2,304.0,25.5,38.0,26.5,86.0,13.3
2026-08-26T02:00,22.3,29.9,269.0,25.3,34.0,26.6,87.0,9.4
2026-08-26T03:00,20.9,26.6,261.0,24.5,29.0,26.6,88.0,9.8
2026-08-26T04:00,18.9,22.7,271.0,23.3,25.0,26.7,88.0,11.1
2026-08-26T05:00,18.5,23.1,290.0,21.3,25.0,28.6,73.0,13.7
2026-08-26T06:00,15.1,17.8,332.0,20.0,26.0,28.3,71.0,12.9
2026-08-26T07:00,12.7,14.3,383.0,18.0,27.0,29.0,69.0,12.0
2026-08-26T08:00,11.1,12.7,399.0,15.7,35.0,30.0,67.0,11.8
2026-08-26T09:00,9.8,12.4,343.0,12.9,54.0,31.0,62.0,13.7
2026-08-26T10:00,10.1,14.1,251.0,9.7,79.0,32.0,59.0,12.8
2026-08-26T11:00,10.9,15.4,187.0,7.1,100.0,33.3,53.0,13.7
2026-08-26T12:00,12.3,17.3,181.0,5.1,114.0,33.7,54.0,12.4
2026-08-26T13:00,14.6,22.2,204.0,3.7,124.0,34.3,51.0,9.3
2026-08-26T14:00,17.4,28.1,232.0,3.6,128.0,34.6,51.0,6.9
2026-08-26T15:00,19.0,32.1,259.0,5.6,123.0,34.6,51.0,4.7
2026-08-26T16:00,19.5,33.2,291.0,8.8,112.0,33.9,54.0,6.3
2026-08-26T17:00,21.5,36.9,318.0,10.1,115.0,31.6,70.0,13.4
2026-08-26T18:00,21.2,33.2,334.0,10.4,112.0,30.8,71.0,12.1
2026-08-26T19:00,19.2,28.2,345.0,10.8,107.0,30.5,73.0,12.6
2026-08-26T20:00,17.6,24.5,356.0,11.4,102.0,29.9,76.0,14.4
2026-08-26T21:00,15.7,21.1,374.0,12.3,97.0,29.4,74.0,10.6
2026-08-26T22:00,15.8,21.5,393.0,13.4,90.0,29.1,74.0,8.9
2026-08-26T23:00,17.8,25.1,394.0,14.5,83.0,29.4,73.0,11.3
2026-08-27T00:00,20.1,29.4,364.0,15.8,73.0,28.8,76.0,9.9
2026-08-27T01:00,21.9,33.1,317.0,17.1,63.0,28.4,79.0,9.2
2026-08-27T02:00,22.2,34.1,281.0,18.0,53.0,28.1,81.0,9.6
2026-08-27T03:00,21.5,32.6,268.0,18.3,45.0,28.0,81.0,11.1
2026-08-27T04:00,20.3,29.4,266.0,18.1,37.0,28.0,78.0,10.0
2026-08-27T05:00,17.5,23.7,270.0,17.9,31.0,28.5,73.0,11.9
2026-08-27T06:00,15.9,21.5,289.0,15.2,33.0,28.2,72.0,11.4
2026-08-27T07:00,13.7,22.2,314.0,11.3,38.0,29.2,69.0,9.4
2026-08-27T08:00,12.0,24.3,317.0,8.2,47.0,30.8,62.0,11.8
2026-08-27T09:00,12.7,26.0,272.0,6.5,65.0,31.9,58.0,14.1
2026-08-27T10:00,15.0,29.7,205.0,5.4,89.0,33.1,54.0,13.8
2026-08-27T11:00,17.0,33.6,162.0,4.6,109.0,34.3,51.0,14.1
2026-08-27T12:00,18.2,36.2,166.0,3.6,123.0,34.6,51.0,14.5
2026-08-27T13:00,21.0,40.5,193.0,2.9,134.0,34.7,49.0,8.3
2026-08-27T14:00,23.3,43.3,220.0,3.1,138.0,33.6,53.0,5.0
2026-08-27T15:00,22.8,43.0,241.0,4.7,132.0,33.5,54.0,6.2
2026-08-27T16:00,22.2,41.7,261.0,7.2,120.0,31.4,66.0,13.0
2026-08-27T17:00,22.8,38.1,274.0,9.8,109.0,31.7,68.0,11.8
2026-08-27T18:00,24.2,38.3,270.0,12.4,103.0,31.5,67.0,9.6
2026-08-27T19:00,25.0,37.3,258.0,15.0,99.0,31.1,71.0,8.8
2026-08-27T20:00,24.0,33.6,257.0,16.7,94.0,30.7,73.0,9.3
2026-08-27T21:00,20.7,28.8,279.0,16.8,85.0,30.3,80.0,9.8
2026-08-27T22:00,18.4,26.1,311.0,15.9,75.0,30.0,84.0,10.0
2026-08-27T23:00,17.2,25.1,335.0,15.2,66.0,30.0,85.0,9.6
2026-08-28T00:00,16.2,23.9,344.0,15.1,60.0,29.6,85.0,8.8
2026-08-28T01:00,16.1,23.6,345.0,15.1,56.0,29.1,85.0,8.5
2026-08-28T02:00,16.6,24.4,341.0,15.4,52.0,28.8,80.0,10.1
2026-08-28T03:00,17.8,26.0,333.0,16.1,47.0,28.9,68.0,11.8
2026-08-28T04:00,18.9,27.4,321.0,16.9,42.0,28.6,67.0,10.0
2026-08-28T05:00,15.1,20.6,306.0,16.6,28.0,29.0,67.0,11.0
2026-08-28T06:00,13.6,19.2,289.0,14.9,32.0,28.5,68.0,9.4
2026-08-28T07:00,13.3,19.8,269.0,12.4,39.0,29.7,64.0,9.9
2026-08-28T08:00,12.8,21.1,248.0,10.1,50.0,30.9,58.0,13.2
2026-08-28T09:00,13.1,22.8,221.0,8.1,70.0,32.0,56.0,12.7
2026-08-28T10:00,14.7,25.6,193.0,6.3,94.0,33.0,53.0,11.9
2026-08-28T11:00,15.8,26.8,175.0,4.9,113.0,34.2,49.0,12.8
2026-08-28T12:00,18.3,32.9,174.0,3.9,125.0,35.4,45.0,14.5
2026-08-28T13:00,20.7,36.1,184.0,3.2,132.0,35.9,43.0,12.4
2026-08-28T14:00,21.0,36.6,199.0,3.2,133.0,35.9,42.0,4.2
2026-08-28T15:00,20.1,35.9,222.0,4.1,125.0,33.8,51.0,8.3
2026-08-28T16:00,18.9,34.2,251.0,5.7,112.0,32.6,58.0,12.9
2026-08-28T17:00,22.9,44.7,269.0,6.5,112.0,30.2,74.0,14.5
2026-08-28T18:00,23.5,40.2,263.0,7.2,111.0,31.2,62.0,13.6
2026-08-28T19:00,25.1,40.4,247.0,8.1,110.0,31.1,63.0,12.6
2026-08-28T20:00,26.4,41.6,246.0,8.9,108.0,30.3,74.0,15.2
2026-08-28T21:00,25.1,39.8,279.0,9.2,104.0,30.2,76.0,11.5
2026-08-28T22:00,21.9,36.2,326.0,9.3,99.0,29.8,77.0,14.9
2026-08-28T23:00,20.8,35.2,356.0,9.9,92.0,29.0,75.0,9.7
2026-08-29T00:00,21.7,37.6,349.0,11.4,81.0,28.8,76.0,11.3
2026-08-29T01:00,22.6,38.4,325.0,13.3,69.0,29.7,61.0,13.7
2026-08-29T02:00,22.3,35.6,307.0,14.8,57.0,29.7,56.0,14.0
2026-08-29T03:00,20.1,29.7,310.0,15.9,46.0,29.7,57.0,13.5
2026-08-29T04:00,17.0,23.2,320.0,16.6,35.0,29.3,59.0,12.1
2026-08-29T05:00,10.7,14.2,316.0,13.9,31.0,29.5,60.0,15.5
2026-08-29T06:00,8.3,13.2,283.0,11.9,33.0,28.8,63.0,14.2
2026-08-29T07:00,6.8,13.6,235.0,9.0,37.0,29.5,63.0,14.4
2026-08-29T08:00,7.0,14.5,196.0,6.7,45.0,30.5,59.0,17.3
2026-08-29T09:00,7.7,15.0,173.0,5.3,62.0,31.5,57.0,15.6
2026-08-29T10:00,9.2,16.1,158.0,4.5,83.0,32.8,53.0,15.1
2026-08-29T11:00,10.5,17.9,151.0,3.8,101.0,34.0,50.0,16.1
2026-08-29T12:00,11.2,18.9,153.0,3.0,114.0,34.9,47.0,15.5
2026-08-29T13:00,13.9,23.5,162.0,2.5,124.0,36.0,43.0,13.4
2026-08-29T14:00,16.4,26.8,177.0,3.0,127.0,36.6,40.0,10.4
2026-08-29T15:00,16.1,27.9,196.0,5.2,120.0,35.2,44.0,2.7
2026-08-29T16:00,15.6,28.4,221.0,8.4,106.0,32.0,60.0,14.8
2026-08-29T17:00,16.2,28.9,249.0,7.9,104.0,30.8,62.0,12.2
2026-08-29T18:00,16.1,26.9,286.0,9.8,102.0,31.0,61.0,14.4
2026-08-29T19:00,16.5,26.7,328.0,12.5,98.0,30.9,68.0,13.1
2026-08-29T20:00,18.5,30.4,358.0,15.2,92.0,30.7,67.0,6.7
2026-08-29T21:00,21.1,35.4,369.0,17.7,83.0,30.4,62.0,13.5
2026-08-29T22:00,23.3,38.4,369.0,20.1,73.0,29.6,62.0,12.2
2026-08-29T23:00,25.8,42.1,366.0,21.9,62.0,29.7,64.0,12.9
2026-08-30T00:00,27.1,43.2,366.0,23.1,51.0,29.1,68.0,10.1
2026-08-30T01:00,27.8,43.2,362.0,23.8,40.0,29.0,65.0,11.8
2026-08-30T02:00,25.7,37.6,347.0,23.3,31.0,28.8,61.0,11.7
2026-08-30T03:00,20.7,28.1,309.0,20.9,27.0,28.4,60.0,10.9
2026-08-30T04:00,15.3,19.5,260.0,17.4,25.0,28.1,60.0,10.7
2026-08-30T05:00,8.7,11.8,221.0,11.5,28.0,28.9,56.0,14.1
2026-08-30T06:00,8.5,11.6,204.0,10.3,30.0,28.5,58.0,12.3
2026-08-30T07:00,7.8,12.9,198.0,8.7,34.0,29.4,57.0,11.4
2026-08-30T08:00,8.2,13.2,189.0,7.3,41.0,30.5,54.0,13.5
2026-08-30T09:00,8.9,14.1,169.0,6.3,54.0,31.5,52.0,12.3
2026-08-30T10:00,10.2,15.8,146.0,5.5,72.0,32.5,50.0,12.8
2026-08-30T11:00,11.4,17.2,134.0,4.8,86.0,33.8,47.0,14.6
2026-08-30T12:00,12.0,18.0,139.0,4.1,96.0,34.8,45.0,14.0
2026-08-30T13:00,14.0,21.4,155.0,3.6,104.0,35.6,42.0,14.9
2026-08-30T14:00,15.7,24.1,170.0,3.7,108.0,36.3,38.0,14.5
2026-08-30T15:00,16.0,25.0,181.0,4.6,105.0,36.0,37.0,9.8
2026-08-30T16:00,15.9,25.1,192.0,6.1,98.0,34.4,47.0,3.5
2026-08-30T17:00,22.0,33.5,206.0,9.3,92.0,31.9,66.0,9.2
2026-08-30T18:00,24.7,36.7,230.0,11.6,87.0,30.5,74.0,12.4
2026-08-30T19:00,27.6,40.0,258.0,14.7,81.0,29.9,76.0,11.4
2026-08-30T20:00,26.9,38.8,274.0,16.8,75.0,29.7,74.0,13.1
2026-08-30T21:00,27.2,38.8,271.0,17.0,70.0,29.6,78.0,10.1
2026-08-30T22:00,25.1,34.3,257.0,16.3,66.0,29.0,82.0,8.4
2026-08-30T23:00,22.1,30.0,242.0,15.2,61.0,29.2,76.0,7.4
2026-08-31T00:00,18.0,24.3,226.0,13.7,54.0,28.9,69.0,7.7
2026-08-31T01:00,14.4,19.3,208.0,11.9,46.0,28.6,68.0,7.2
2026-08-31T02:00,12.0,15.9,195.0,10.7,40.0,27.5,72.0,7.8
2026-08-31T03:00,11.7,15.6,187.0,10.8,35.0,27.2,73.0,8.7
2026-08-31T04:00,12.1,15.9,185.0,11.7,32.0,27.4,71.0,10.3
2026-08-31T05:00,8.9,10.7,193.0,12.3,26.0,28.2,67.0,12.5
2026-08-31T06:00,8.3,9.9,227.0,11.5,28.0,27.7,68.0,11.2
2026-08-31T07:00,7.4,9.6,273.0,10.3,32.0,28.6,66.0,10.1
2026-08-31T08:00,7.2,10.2,291.0,9.0,40.0,29.8,61.0,12.9
2026-08-31T09:00,7.6,11.8,252.0,7.3,55.0,31.0,55.0,15.5
2026-08-31T10:00,8.8,14.2,185.0,5.5,74.0,32.2,52.0,16.4
2026-08-31T11:00,10.0,16.0,142.0,4.1,91.0,33.5,49.0,15.9
2026-08-31T12:00,10.5,16.6,150.0,3.2,103.0,34.2,48.0,13.9
2026-08-31T13:00,11.6,18.6,181.0,2.8,112.0,34.9,45.0,11.6
2026-08-31T14:00,13.0,20.5,206.0,3.0,118.0,35.4,42.0,9.4
2026-08-31T15:00,14.6,23.1,211.0,3.9,119.0,35.3,41.0,7.2
2026-08-31T16:00,16.1,25.5,209.0,5.4,116.0,34.7,43.0,5.0
2026-08-31T17:00,12.2,19.8,207.0,6.7,102.0,31.6,67.0,11.7
2026-08-31T18:00,15.5,22.3,205.0,9.0,101.0,30.1,73.0,9.1
2026-08-31T19:00,14.2,19.5,203.0,12.1,100.0,30.0,75.0,6.0
2026-08-31T20:00,13.5,17.9,203.0,13.8,99.0,29.8,76.0,6.1
2026-08-31T21:00,13.0,17.0,204.0,13.0,97.0,29.5,75.0,6.5
2026-08-31T22:00,12.6,16.8,207.0,10.8,95.0,29.1,80.0,5.2
2026-08-31T23:00,12.6,17.1,214.0,8.9,94.0,29.7,78.0,11.0
2026-09-01T00:00,13.5,18.7,230.0,7.2,95.0,29.2,81.0,11.4
2026-09-01T01:00,15.6,21.6,249.0,5.8,98.0,29.0,85.0,11.5
2026-09-01T02:00,17.8,24.7,258.0,6.1,94.0,28.7,85.0,9.7
2026-09-01T03:00,19.3,26.6,240.0,9.7,78.0,28.1,84.0,8.6
2026-09-01T04:00,20.7,27.5,213.0,15.1,57.0,27.6,83.0,10.3
2026-09-01T05:00,14.8,18.7,212.0,16.6,46.0,28.4,78.0,10.3
2026-09-01T06:00,15.0,17.9,275.0,17.0,47.0,28.2,77.0,9.5
2026-09-01T07:00,15.9,18.2,365.0,17.4,50.0,29.5,71.0,7.7
2026-09-01T08:00,14.6,16.8,405.0,16.5,61.0,31.3,59.0,9.0
2026-09-01T09:00,14.0,16.7,344.0,13.3,86.0,32.4,53.0,12.6
2026-09-01T10:00,14.7,18.3,234.0,8.8,119.0,33.5,51.0,11.5
2026-09-01T11:00,16.3,21.1,156.0,5.4,144.0,34.2,48.0,7.8
2026-09-01T12:00,19.9,27.1,149.0,3.8,156.0,34.4,50.0,4.3
2026-09-01T13:00,21.5,29.1,176.0,3.2,160.0,34.2,51.0,4.4
2026-09-01T14:00,22.5,31.2,202.0,3.2,159.0,34.0,52.0,6.4
2026-09-01T15:00,20.5,28.1,216.0,3.8,152.0,33.4,54.0,9.8
2026-09-01T16:00,20.3,28.2,229.0,5.0,139.0,32.1,59.0,13.8
2026-09-01T17:00,15.9,21.0,249.0,6.7,129.0,31.9,60.0,10.4
2026-09-01T18:00,15.8,20.3,286.0,7.3,124.0,31.2,64.0,6.8
2026-09-01T19:00,16.3,21.2,328.0,8.0,117.0,30.9,70.0,7.5
2026-09-01T20:00,16.2,21.4,352.0,8.4,110.0,30.8,69.0,8.5
2026-09-01T21:00,16.4,21.8,339.0,8.1,105.0,30.4,71.0,10.4
2026-09-01T22:00,16.6,22.5,307.0,7.5,101.0,29.8,71.0,10.3
2026-09-01T23:00,16.0,21.7,281.0,6.9,97.0,30.3,67.0,15.8
2026-09-02T00:00,15.5,21.3,272.0,6.1,94.0,29.7,71.0,14.4
2026-09-02T01:00,15.0,20.5,269.0,5.3,92.0,29.1,72.0,14.1
2026-09-02T02:00,14.4,19.4,263.0,5.4,88.0,28.8,73.0,13.1
2026-09-02T03:00,13.9,18.5,241.0,6.9,82.0,28.5,75.0,12.7
2026-09-02T04:00,14.1,18.4,216.0,9.3,74.0,28.2,75.0,9.6
2026-09-02T05:00,13.4,17.5,216.0,8.6,86.0,27.6,79.0,14.5
2026-09-02T06:00,14.8,18.7,275.0,11.8,75.0,26.7,84.0,9.6
2026-09-02T07:00,16.5,20.0,360.0,16.0,61.0,28.6,77.0,7.5
2026-09-02T08:00,18.0,21.1,400.0,17.9,59.0,30.9,67.0,8.6
2026-09-02T09:00,17.9,21.2,347.0,15.5,79.0,32.8,56.0,11.1
2026-09-02T10:00,18.2,22.4,248.0,10.8,109.0,34.2,49.0,12.3
2026-09-02T11:00,19.8,25.0,179.0,6.9,134.0,35.2,47.0,10.6
2026-09-02T12:00,22.1,28.6,173.0,4.7,146.0,35.5,46.0,10.1
2026-09-02T13:00,21.5,27.9,196.0,3.4,152.0,35.6,44.0,5.5
2026-09-02T14:00,20.4,26.8,217.0,2.8,153.0,34.4,49.0,5.9
2026-09-02T15:00,19.5,26.0,228.0,3.4,147.0,32.0,62.0,12.5
2026-09-02T16:00,18.5,25.2,237.0,4.8,135.0,31.2,64.0,6.2
2026-09-02T17:00,29.4,38.3,241.0,5.4,153.0,31.8,62.0,7.2
2026-09-02T18:00,29.8,38.0,234.0,6.2,146.0,31.1,70.0,12.1
2026-09-02T19:00,30.3,38.6,222.0,7.3,137.0,30.9,69.0,10.7
2026-09-02T20:00,29.9,38.6,216.0,7.9,128.0,30.8,69.0,11.2
2026-09-02T21:00,29.4,38.3,224.0,7.6,120.0,30.4,76.0,14.0
2026-09-02T22:00,27.5,36.0,238.0,7.0,113.0,30.1,73.0,11.8
2026-09-02T23:00,25.0,33.1,249.0,6.6,105.0,30.5,73.0,14.1
2026-09-03T00:00,22.2,29.5,257.0,6.7,96.0,30.1,72.0,15.8
2026-09-03T01:00,18.7,25.0,262.0,7.1,87.0,28.7,78.0,16.4
2026-09-03T02:00,15.7,20.3,253.0,8.2,78.0,26.9,80.0,15.4
2026-09-03T03:00,15.8,19.3,205.0,10.4,69.0,26.6,81.0,13.4
2026-09-03T04:00,17.6,20.8,144.0,13.3,61.0,26.8,81.0,10.0
2026-09-03T05:00,14.2,17.1,130.0,13.6,61.0,26.8,85.0,8.0
2026-09-03T06:00,15.4,18.5,223.0,15.2,62.0,26.6,86.0,8.0
2026-09-03T07:00,17.2,20.5,364.0,17.2,64.0,27.9,80.0,6.7
2026-09-03T08:00,19.2,23.0,441.0,17.7,72.0,29.9,72.0,6.5
2026-09-03T09:00,20.6,25.8,383.0,15.2,90.0,32.0,59.0,10.1
2026-09-03T10:00,21.1,27.3,261.0,11.0,114.0,33.2,53.0,10.9
2026-09-03T11:00,21.6,28.8,177.0,7.6,134.0,34.8,47.0,9.4
2026-09-03T12:00,22.2,29.8,181.0,5.4,147.0,34.2,48.0,6.3
2026-09-03T13:00,23.2,31.8,224.0,3.9,156.0,34.2,48.0,1.7
2026-09-03T14:00,24.4,34.1,259.0,3.7,159.0,34.2,50.0,6.1
2026-09-03T15:00,25.6,36.7,266.0,5.7,154.0,32.2,64.0,13.7
2026-09-03T16:00,24.0,34.2,265.0,9.1,144.0,31.4,65.0,14.4
2026-09-03T17:00,25.6,34.0,270.0,8.5,119.0,31.9,64.0,11.8
2026-09-03T18:00,27.4,36.1,292.0,12.7,112.0,31.5,67.0,11.6
2026-09-03T19:00,29.5,39.2,319.0,18.4,102.0,31.4,67.0,9.3
2026-09-03T20:00,30.7,40.6,331.0,21.6,94.0,31.2,68.0,6.7
2026-09-03T21:00,29.9,40.0,317.0,20.1,92.0,31.0,70.0,5.1
2026-09-03T22:00,28.6,38.8,287.0,16.1,92.0,30.4,72.0,7.1
2026-09-03T23:00,26.5,36.7,256.0,12.6,92.0,29.8,76.0,16.8
2026-09-04T00:00,25.0,35.3,223.0,10.2,92.0,28.6,80.0,16.1
2026-09-04T01:00,23.1,33.4,189.0,8.4,91.0,27.0,90.0,16.9
2026-09-04T02:00,20.0,28.3,166.0,7.8,86.0,26.7,90.0,14.8
2026-09-04T03:00,18.8,25.9,153.0,9.5,73.0,26.6,86.0,11.0
2026-09-04T04:00,18.4,24.9,152.0,12.5,57.0,26.2,87.0,8.8
2026-09-04T05:00,13.1,17.9,183.0,10.4,49.0,26.2,91.0,11.3
2026-09-04T06:00,11.9,15.8,278.0,11.5,47.0,25.9,90.0,10.7
2026-09-04T07:00,12.1,15.5,406.0,12.9,46.0,26.7,87.0,8.4
2026-09-04T08:00,12.4,15.7,488.0,13.4,52.0,27.7,83.0,7.5
2026-09-04T09:00,12.9,16.1,484.0,12.0,71.0,28.4,79.0,8.7
2026-09-04T10:00,13.7,16.8,434.0,9.6,97.0,29.1,76.0,9.3
2026-09-04T11:00,14.4,16.9,384.0,7.5,119.0,30.3,72.0,9.3
2026-09-04T12:00,15.5,18.1,343.0,5.8,136.0,30.5,70.0,7.1
2026-09-04T13:00,16.0,19.2,301.0,4.3,148.0,31.2,68.0,5.6
2026-09-04T14:00,17.8,23.6,272.0,3.7,153.0,31.5,68.0,3.8
2026-09-04T15:00,18.0,24.4,262.0,4.6,144.0,32.0,67.0,5.6
2026-09-04T16:00,17.3,23.7,265.0,6.3,127.0,31.5,69.0,8.2
2026-09-04T17:00,21.4,27.7,271.0,9.7,120.0,30.6,76.0,9.2
2026-09-04T18:00,21.8,27.8,277.0,10.6,111.0,29.7,78.0,7.6
2026-09-04T19:00,20.7,26.8,287.0,11.8,98.0,29.2,80.0,6.7
2026-09-04T20:00,20.3,26.8,296.0,12.6,88.0,29.0,83.0,6.8
2026-09-04T21:00,19.7,26.5,310.0,12.5,82.0,28.8,84.0,7.4
2026-09-04T22:00,19.3,26.0,324.0,11.8,78.0,28.5,85.0,6.7
2026-09-04T23:00,18.8,25.6,321.0,11.2,75.0,29.0,83.0,8.6
2026-09-05T00:00,18.3,24.9,283.0,10.6,72.0,27.4,87.0,11.3
2026-09-05T01:00,17.8,24.2,228.0,10.0,69.0,27.0,88.0,10.2
2026-09-05T02:00,17.3,23.2,188.0,9.8,67.0,26.9,88.0,9.3
2026-09-05T03:00,16.4,21.5,168.0,10.2,67.0,26.8,88.0,10.0
2026-09-05T04:00,15.1,18.7,162.0,10.9,68.0,26.4,87.0,11.6
2026-09-05T05:00,19.6,23.8,188.0,13.6,65.0,26.6,90.0,7.2
2026-09-05T06:00,19.9,23.6,278.0,14.4,67.0,25.9,94.0,12.0
2026-09-05T07:00,20.3,24.0,398.0,15.4,71.0,27.3,92.0,8.5
2026-09-05T08:00,20.8,24.7,468.0,15.0,82.0,29.0,82.0,9.7
2026-09-05T09:00,21.0,24.7,437.0,12.1,106.0,30.7,73.0,9.9
2026-09-05T10:00,21.2,24.9,355.0,7.9,135.0,32.2,65.0,8.5
2026-09-05T11:00,21.9,26.2,288.0,4.6,156.0,33.4,61.0,5.9
2026-09-05T12:00,22.4,28.1,258.0,3.2,159.0,33.8,59.0,3.1
2026-09-05T13:00,21.2,26.8,242.0,2.7,153.0,33.8,60.0,2.7
2026-09-05T14:00,20.3,25.7,237.0,2.9,146.0,33.5,63.0,5.5
2026-09-05T15:00,19.8,25.6,247.0,3.8,139.0,32.0,67.0,8.8
2026-09-05T16:00,19.6,25.5,267.0,5.4,131.0,31.4,73.0,7.8
2026-09-05T17:00,25.7,33.6,280.0,7.3,104.0,31.8,70.0,11.4
2026-09-05T18:00,25.0,32.5,278.0,9.0,98.0,30.4,79.0,7.8
2026-09-05T19:00,24.6,31.8,270.0,11.2,90.0,30.0,83.0,10.3
2026-09-05T20:00,23.9,30.7,260.0,12.4,84.0,29.7,82.0,11.0
2026-09-05T21:00,22.4,29.3,253.0,11.6,83.0,29.5,83.0,10.5
2026-09-05T22:00,22.2,29.3,245.0,9.9,85.0,29.2,86.0,9.4
2026-09-05T23:00,22.0,29.0,233.0,8.5,86.0,29.3,83.0,11.7
2026-09-06T00:00,21.2,27.9,211.0,7.9,87.0,29.0,84.0,10.3
2026-09-06T01:00,19.6,25.1,185.0,7.8,87.0,28.8,83.0,11.3
2026-09-06T02:00,17.3,21.5,173.0,8.1,84.0,28.5,82.0,14.6
2026-09-06T03:00,15.7,19.1,183.0,9.4,75.0,27.6,80.0,16.8
2026-09-06T04:00,14.7,17.5,207.0,11.2,64.0,26.7,84.0,13.6
2026-09-06T05:00,21.4,24.8,234.0,13.5,59.0,26.7,88.0,14.2
2026-09-06T06:00,18.1,21.2,269.0,12.9,60.0,26.7,88.0,11.7
2026-09-06T07:00,16.6,19.6,308.0,12.0,62.0,27.7,85.0,10.2
2026-09-06T08:00,17.2,20.4,327.0,10.7,72.0,28.8,81.0,10.7
2026-09-06T09:00,19.9,23.9,309.0,8.5,97.0,30.5,75.0,9.8
2026-09-06T10:00,22.8,27.2,270.0,5.9,129.0,32.4,65.0,10.0
2026-09-06T11:00,24.6,29.5,242.0,3.9,153.0,34.2,55.0,8.9
2026-09-06T12:00,26.1,32.6,236.0,2.8,160.0,34.9,53.0,4.6
2026-09-06T13:00,25.3,32.0,239.0,2.4,159.0,34.9,52.0,5.3
2026-09-06T14:00,24.4,31.2,247.0,2.7,154.0,34.5,55.0,6.2
2026-09-06T15:00,23.7,30.5,262.0,4.3,146.0,34.2,58.0,5.1
2026-09-06T16:00,23.5,30.3,281.0,6.7,135.0,32.4,75.0,7.0
2026-09-06T17:00,21.4,27.6,290.0,7.0,126.0,31.9,76.0,7.4
2026-09-06T18:00,22.1,27.8,283.0,7.4,120.0,30.4,84.0,9.4
2026-09-06T19:00,21.4,27.0,267.0,7.9,112.0,29.9,85.0,10.9
2026-09-06T20:00,20.5,25.7,248.0,8.0,106.0,29.4,88.0,11.1
2026-09-06T21:00,19.4,24.5,223.0,7.3,106.0,28.5,90.0,10.9
2026-09-06T22:00,18.7,23.7,196.0,6.2,108.0,27.7,91.0,14.7
2026-09-06T23:00,18.4,23.7,181.0,5.8,107.0,27.5,85.0,13.6
2026-09-07T00:00,18.2,23.3,189.0,6.7,101.0,27.6,81.0,11.2
2026-09-07T01:00,19.0,23.6,210.0,8.3,93.0,27.4,82.0,12.0
2026-09-07T02:00,19.2,23.3,226.0,9.8,83.0,26.9,87.0,12.2
2026-09-07T03:00,18.5,22.2,223.0,11.2,71.0,27.0,87.0,11.9
2026-09-07T04:00,17.0,20.4,216.0,12.5,58.0,27.0,88.0,11.5
2026-09-07T05:00,16.8,19.8,231.0,12.9,58.0,27.5,88.0,10.8
2026-09-07T06:00,16.4,19.1,302.0,13.8,60.0,27.7,88.0,9.7
2026-09-07T07:00,17.3,20.0,395.0,14.8,63.0,28.7,85.0,8.9
2026-09-07T08:00,19.2,22.4,439.0,14.6,75.0,30.3,79.0,9.5
2026-09-07T09:00,20.1,24.0,382.0,11.9,103.0,32.1,68.0,10.4
2026-09-07T10:00,19.4,22.8,276.0,8.0,139.0,33.7,56.0,10.6
2026-09-07T11:00,20.6,24.6,200.0,4.9,165.0,35.0,49.0,9.6
2026-09-07T12:00,21.7,26.5,191.0,3.5,173.0,35.6,45.0,4.8
2026-09-07T13:00,24.8,33.3,211.0,3.0,172.0,35.3,46.0,1.6
2026-09-07T14:00,23.5,31.7,231.0,3.2,168.0,34.3,52.0,6.3
2026-09-07T15:00,23.2,31.4,241.0,4.4,161.0,32.9,66.0,11.6
2026-09-07T16:00,22.5,30.7,249.0,6.2,152.0,31.6,68.0,13.6
2026-09-07T17:00,19.8,25.4,252.0,7.0,133.0,32.1,70.0,11.4
2026-09-07T18:00,20.9,26.3,243.0,6.9,130.0,31.0,78.0,9.6
2026-09-07T19:00,20.6,26.1,228.0,6.8,126.0,30.6,75.0,8.1
2026-09-07T20:00,19.5,25.0,218.0,6.7,120.0,30.1,83.0,14.4
2026-09-07T21:00,18.7,24.9,218.0,6.5,113.0,30.1,79.0,13.9
2026-09-07T22:00,17.2,23.6,222.0,6.4,105.0,29.7,79.0,13.4
2026-09-07T23:00,15.7,21.8,227.0,6.8,96.0,29.1,86.0,5.1
2026-09-08T00:00,14.4,19.6,231.0,7.9,87.0,27.7,93.0,13.0
2026-09-08T01:00,13.7,18.1,237.0,9.5,77.0,25.2,95.0,11.9
2026-09-08T02:00,13.1,17.0,244.0,11.1,68.0,26.1,92.0,12.4
2026-09-08T03:00,12.5,15.9,251.0,12.7,58.0,26.7,90.0,9.2
2026-09-08T04:00,12.1,15.3,259.0,14.3,49.0,26.8,90.0,8.1
2026-09-08T05:00,11.6,15.0,278.0,13.5,46.0,28.1,82.0,9.3
2026-09-08T06:00,12.6,15.8,328.0,14.7,46.0,27.9,83.0,8.3
2026-09-08T07:00,13.9,16.9,389.0,16.2,48.0,29.1,79.0,8.9
2026-09-08T08:00,16.1,19.3,407.0,16.2,59.0,30.8,72.0,8.8
2026-09-08T09:00,18.1,22.3,338.0,13.4,87.0,32.6,55.0,14.7
2026-09-08T10:00,17.6,21.1,226.0,9.2,124.0,33.5,53.0,14.2
2026-09-08T11:00,20.0,23.4,147.0,5.8,153.0,34.8,48.0,11.9
2026-09-08T12:00,21.9,25.3,139.0,4.2,168.0,34.8,47.0,8.3
2026-09-08T13:00,25.0,28.6,164.0,3.4,174.0,34.4,49.0,5.6
2026-09-08T14:00,27.9,31.9,187.0,3.3,177.0,33.7,55.0,6.6
2026-09-08T15:00,27.4,31.5,195.0,4.1,176.0,32.8,64.0,10.5
2026-09-08T16:00,23.1,27.8,202.0,5.5,171.0,31.8,71.0,10.4
2026-09-08T17:00,25.8,34.6,207.0,6.8,153.0,31.3,72.0,9.0
2026-09-08T18:00,24.9,31.9,213.0,6.8,148.0,30.8,76.0,7.1
2026-09-08T19:00,24.4,31.3,218.0,6.8,142.0,30.4,78.0,7.7
2026-09-08T20:00,24.6,32.5,221.0,6.8,135.0,30.3,79.0,7.5
2026-09-08T21:00,24.4,33.1,220.0,6.5,130.0,30.1,79.0,8.7
2026-09-08T22:00,24.2,33.3,216.0,6.3,126.0,29.9,79.0,5.7
2026-09-08T23:00,23.8,33.4,214.0,6.4,119.0,30.2,78.0,6.0
2026-09-09T00:00,22.9,32.5,214.0,7.2,108.0,29.8,78.0,8.7
2026-09-09T01:00,21.5,30.4,215.0,8.5,94.0,29.4,79.0,10.2
2026-09-09T02:00,20.4,28.3,222.0,10.0,83.0,28.9,81.0,11.2
2026-09-09T03:00,20.8,27.8,233.0,12.0,75.0,28.6,79.0,9.4
2026-09-09T04:00,21.2,28.5,250.0,14.3,69.0,28.2,79.0,7.7
2026-09-09T05:00,19.7,27.7,275.0,15.3,65.0,27.5,84.0,14.1
2026-09-09T06:00,21.4,29.0,326.0,15.9,68.0,27.3,85.0,9.2
2026-09-09T07:00,22.3,29.5,386.0,16.5,73.0,28.5,84.0,6.2
2026-09-09T08:00,21.6,29.0,406.0,15.8,82.0,30.2,74.0,6.7
2026-09-09T09:00,18.0,24.3,346.0,12.3,99.0,32.2,60.0,12.5
2026-09-09T10:00,15.8,20.9,245.0,7.4,121.0,33.5,53.0,13.6
2026-09-09T11:00,15.6,20.2,175.0,3.8,137.0,33.3,55.0,10.2
2026-09-09T12:00,15.5,19.6,169.0,2.4,143.0,33.7,53.0,13.1
2026-09-09T13:00,15.3,19.3,193.0,2.3,144.0,34.2,52.0,10.9
2026-09-09T14:00,14.8,19.2,215.0,3.1,141.0,35.0,49.0,11.1
2026-09-09T15:00,15.1,20.2,226.0,4.9,134.0,34.7,49.0,7.4
2026-09-09T16:00,15.9,22.6,235.0,7.5,123.0,34.2,50.0,4.2
2026-09-09T17:00,17.8,27.6,242.0,6.3,112.0,32.9,60.0,6.3
2026-09-09T18:00,21.6,31.2,244.0,8.7,109.0,31.3,72.0,6.2
2026-09-09T19:00,21.2,29.9,244.0,11.9,104.0,30.6,77.0,5.2
2026-09-09T20:00,21.2,29.7,245.0,13.7,101.0,30.3,80.0,4.3
2026-09-09T21:00,21.7,30.4,252.0,12.8,101.0,30.1,82.0,6.3
2026-09-09T22:00,22.5,31.7,260.0,10.4,104.0,29.8,83.0,7.4
2026-09-09T23:00,23.1,32.7,261.0,8.3,107.0,29.8,82.0,9.6
2026-09-10T00:00,24.1,33.9,245.0,6.9,114.0,29.3,83.0,9.8
2026-09-10T01:00,24.9,34.5,221.0,5.8,122.0,29.0,83.0,10.4
2026-09-10T02:00,24.0,33.2,208.0,5.4,123.0,28.2,79.0,13.7
2026-09-10T03:00,22.7,32.0,206.0,6.0,112.0,27.2,79.0,14.8
2026-09-10T04:00,21.8,31.9,214.0,7.3,94.0,27.2,81.0,13.0
2026-09-10T05:00,22.3,34.2,252.0,12.6,66.0,27.2,88.0,12.1
2026-09-10T06:00,22.7,34.6,355.0,13.7,66.0,27.0,85.0,10.9
2026-09-10T07:00,23.5,35.4,487.0,15.2,66.0,27.5,82.0,9.7
2026-09-10T08:00,25.3,37.6,560.0,15.2,75.0,28.5,78.0,9.1
2026-09-10T09:00,27.8,40.6,520.0,12.5,100.0,30.3,73.0,9.6
2026-09-10T10:00,28.3,41.1,420.0,8.5,132.0,31.9,66.0,8.6
2026-09-10T11:00,27.9,39.8,341.0,5.3,156.0,32.1,65.0,9.6
2026-09-10T12:00,27.9,38.9,308.0,3.8,163.0,32.7,64.0,6.0
2026-09-10T13:00,25.1,34.6,295.0,3.2,161.0,33.7,58.0,3.0
2026-09-10T14:00,24.3,33.9,298.0,3.3,158.0,32.2,62.0,6.9
2026-09-10T15:00,24.3,34.3,323.0,4.0,155.0,31.6,68.0,6.5
2026-09-10T16:00,24.6,34.7,363.0,5.3,150.0,31.6,70.0,5.4
2026-09-10T17:00,26.1,37.1,398.0,7.6,125.0,31.2,74.0,8.9
2026-09-10T18:00,26.7,36.7,417.0,8.4,124.0,30.3,76.0,7.3
2026-09-10T19:00,27.3,37.7,430.0,9.5,121.0,29.9,79.0,8.1
2026-09-10T20:00,27.1,37.1,444.0,10.2,119.0,29.6,83.0,8.5
2026-09-10T21:00,26.7,36.6,472.0,10.0,116.0,29.4,82.0,7.8
2026-09-10T22:00,26.0,35.6,501.0,9.4,113.0,29.4,79.0,6.0
2026-09-10T23:00,24.9,34.1,496.0,8.7,111.0,26.5,92.0,8.3
2026-09-11T00:00,24.4,33.9,424.0,7.8,111.0,26.9,88.0,10.1
2026-09-11T01:00,23.3,33.2,318.0,6.8,112.0,25.6,95.0,9.3
2026-09-11T02:00,21.9,32.0,239.0,6.5,110.0,25.1,94.0,7.2
2026-09-11T03:00,20.8,30.6,209.0,7.3,100.0,25.1,94.0,13.2
2026-09-11T04:00,20.7,29.4,207.0,8.9,87.0,25.5,94.0,10.7
2026-09-11T05:00,17.8,25.9,224.0,5.1,113.0,27.0,88.0,10.4
2026-09-11T06:00,17.8,25.7,272.0,7.0,106.0,27.0,90.0,7.6
2026-09-11T07:00,18.7,26.8,340.0,9.5,97.0,27.8,89.0,6.1
2026-09-11T08:00,19.3,27.5,388.0,10.9,95.0,29.1,83.0,8.2
2026-09-11T09:00,20.7,29.3,396.0,10.0,106.0,30.0,78.0,8.4
2026-09-11T10:00,23.2,32.6,384.0,8.0,124.0,31.7,72.0,7.8
2026-09-11T11:00,25.8,36.8,367.0,6.2,138.0,32.8,64.0,6.9
2026-09-11T12:00,26.3,38.9,342.0,5.0,145.0,33.5,61.0,7.3
2026-09-11T13:00,26.0,39.3,313.0,4.0,149.0,33.2,62.0,5.2
2026-09-11T14:00,25.9,39.8,299.0,3.8,150.0,32.4,66.0,4.5
2026-09-11T15:00,25.7,39.9,320.0,4.9,147.0,31.0,72.0,8.9
2026-09-11T16:00,25.6,39.8,358.0,6.7,141.0,30.4,76.0,6.9
2026-09-11T17:00,23.5,34.8,378.0,12.2,105.0,30.6,79.0,8.1
2026-09-11T18:00,23.3,32.6,361.0,11.2,106.0,30.0,79.0,6.9
2026-09-11T19:00,23.9,32.5,326.0,9.8,108.0,29.8,79.0,8.8
2026-09-11T20:00,23.6,31.8,296.0,8.7,109.0,29.5,78.0,8.3
2026-09-11T21:00,23.6,32.2,278.0,8.2,107.0,29.4,79.0,7.2
2026-09-11T22:00,23.2,31.8,265.0,7.9,104.0,29.4,79.0,8.2
2026-09-11T23:00,22.8,31.3,252.0,7.7,102.0,29.6,76.0,12.8
2026-09-12T00:00,22.4,30.9,238.0,7.3,102.0,29.4,79.0,12.4
2026-09-12T01:00,22.2,30.6,225.0,7.0,102.0,29.1,86.0,11.4
2026-09-12T02:00,22.1,30.2,218.0,7.1,101.0,28.5,83.0,12.2
2026-09-12T03:00,22.2,29.9,216.0,8.1,98.0,27.6,79.0,14.3
2026-09-12T04:00,22.6,29.9,220.0,9.5,93.0,26.6,81.0,12.4
2026-09-12T05:00,15.0,19.3,243.0,8.8,91.0,27.0,86.0,12.2
2026-09-12T06:00,14.2,18.0,309.0,10.4,90.0,27.2,86.0,11.7
2026-09-12T07:00,13.9,18.1,393.0,12.5,88.0,28.3,83.0,9.2
2026-09-12T08:00,14.5,19.3,434.0,13.2,90.0,29.7,79.0,9.7
2026-09-12T09:00,15.4,20.8,392.0,11.0,100.0,31.0,73.0,8.2
2026-09-12T10:00,16.5,22.6,308.0,7.3,113.0,32.2,66.0,9.4
2026-09-12T11:00,17.2,23.9,242.0,4.5,122.0,33.1,64.0,11.4
2026-09-12T12:00,17.6,24.4,220.0,3.5,124.0,33.3,64.0,10.8
2026-09-12T13:00,17.9,25.1,217.0,3.5,122.0,33.5,64.0,9.7
2026-09-12T14:00,17.8,25.0,219.0,4.0,118.0,32.9,75.0,10.1
2026-09-12T15:00,17.5,24.6,225.0,5.4,110.0,31.6,84.0,12.5
2026-09-12T16:00,17.1,24.1,237.0,7.5,100.0,30.6,83.0,13.0
2026-09-12T17:00,20.3,29.7,239.0,6.7,75.0,30.4,85.0,12.5
2026-09-12T18:00,19.3,27.6,223.0,7.2,69.0,29.7,88.0,13.0
2026-09-12T19:00,18.5,27.0,199.0,7.8,62.0,29.4,90.0,14.1
2026-09-12T20:00,17.3,25.6,180.0,7.9,56.0,29.3,90.0,14.0
2026-09-12T21:00,16.4,24.7,173.0,7.2,55.0,29.3,90.0,13.0
2026-09-12T22:00,15.7,24.2,172.0,6.0,55.0,27.9,93.0,6.9
2026-09-12T23:00,15.3,24.0,175.0,5.0,57.0,29.0,90.0,11.3
2026-09-13T00:00,15.4,24.6,181.0,4.2,59.0,28.4,91.0,10.5
2026-09-13T01:00,15.4,24.7,190.0,3.5,62.0,28.0,92.0,9.2
2026-09-13T02:00,15.4,24.9,200.0,3.5,64.0,26.5,91.0,13.0
2026-09-13T03:00,15.3,23.9,210.0,4.6,66.0,25.5,93.0,4.7
2026-09-13T04:00,15.6,22.5,221.0,6.3,67.0,25.7,93.0,2.2
2026-09-13T05:00,17.7,24.4,239.0,5.9,75.0,27.0,92.0,8.6
2026-09-13T06:00,18.2,25.0,275.0,6.7,74.0,26.7,91.0,8.5
2026-09-13T07:00,19.0,26.2,319.0,7.7,73.0,27.4,87.0,7.0
2026-09-13T08:00,19.2,26.5,340.0,8.1,77.0,28.8,79.0,7.5
2026-09-13T09:00,19.0,26.4,321.0,7.1,89.0,30.3,70.0,7.3
2026-09-13T10:00,19.0,26.3,279.0,5.4,106.0,31.6,65.0,8.3
2026-09-13T11:00,19.1,26.4,242.0,4.1,118.0,32.9,62.0,6.4
2026-09-13T12:00,18.6,25.4,216.0,3.4,122.0,33.4,59.0,5.1
2026-09-13T13:00,17.6,24.0,194.0,3.1,121.0,33.4,60.0,4.8
2026-09-13T14:00,16.6,22.6,179.0,3.2,117.0,31.6,73.0,9.2
2026-09-13T15:00,15.1,20.8,174.0,3.8,109.0,31.2,77.0,9.9
2026-09-13T16:00,14.6,20.2,174.0,4.8,98.0,30.6,78.0,7.3
2026-09-13T17:00,21.8,30.5,174.0,5.0,98.0,30.4,79.0,10.1
2026-09-13T18:00,20.0,28.1,169.0,5.0,92.0,29.4,85.0,9.1
2026-09-13T19:00,18.6,26.4,163.0,5.1,82.0,29.3,86.0,11.8
2026-09-13T20:00,17.1,24.6,156.0,5.0,75.0,29.3,84.0,12.4
2026-09-13T21:00,16.3,23.7,150.0,4.7,71.0,29.2,85.0,13.0
2026-09-13T22:00,15.7,23.1,143.0,4.2,69.0,29.0,85.0,13.0
2026-09-13T23:00,15.0,22.4,136.0,3.7,66.0,29.3,86.0,12.0
2026-09-14T00:00,14.3,21.7,126.0,3.2,61.0,28.0,93.0,1.8
2026-09-14T01:00,13.9,21.5,117.0,2.8,56.0,24.9,97.0,5.2
2026-09-14T02:00,13.2,20.5,113.0,2.6,52.0,24.8,96.0,6.1
2026-09-14T03:00,13.3,20.8,113.0,2.5,49.0,24.5,97.0,5.4
2026-09-14T04:00,13.9,21.7,118.0,2.7,48.0,24.7,97.0,6.4
2026-09-14T05:00,13.5,20.4,146.0,4.4,57.0,26.5,93.0,5.8
2026-09-14T06:00,13.7,19.3,224.0,6.4,58.0,26.5,93.0,5.4
2026-09-14T07:00,14.3,19.4,324.0,9.2,59.0,27.5,89.0,2.1
2026-09-14T08:00,13.9,18.6,374.0,10.7,65.0,29.2,78.0,2.4
2026-09-14T09:00,14.8,20.0,325.0,9.9,80.0,30.0,73.0,10.0
2026-09-14T10:00,18.2,24.8,227.0,8.0,98.0,29.5,77.0,10.2
2026-09-14T11:00,21.1,28.9,153.0,6.1,111.0,30.0,76.0,9.9
2026-09-14T12:00,21.1,28.7,135.0,4.5,113.0,31.0,73.0,8.6
2026-09-14T13:00,18.5,24.9,142.0,3.0,109.0,31.4,67.0,9.7
2026-09-14T14:00,16.3,22.0,154.0,2.3,102.0,31.1,68.0,9.5
2026-09-14T15:00,15.0,20.8,164.0,2.8,91.0,31.0,66.0,9.9
2026-09-14T16:00,14.5,20.5,179.0,4.1,77.0,30.4,68.0,10.3
2026-09-14T17:00,15.6,24.4,196.0,5.3,53.0,29.9,72.0,8.5
2026-09-14T18:00,16.1,24.7,217.0,6.8,49.0,28.7,80.0,6.7
2026-09-14T19:00,16.8,25.4,239.0,8.9,44.0,28.3,83.0,6.4
2026-09-14T20:00,17.1,25.4,253.0,10.6,40.0,28.2,86.0,6.1
2026-09-14T21:00,17.2,25.1,251.0,11.7,37.0,28.1,87.0,6.2
2026-09-14T22:00,17.3,25.1,241.0,12.5,35.0,28.1,87.0,6.2
2026-09-14T23:00,17.0,24.4,234.0,12.8,34.0,28.2,88.0,7.0
2026-09-15T00:00,16.6,23.8,235.0,12.4,33.0,27.8,89.0,5.2
2026-09-15T01:00,16.3,23.3,240.0,11.5,34.0,27.4,91.0,5.2
2026-09-15T02:00,16.2,23.1,249.0,11.3,33.0,27.0,91.0,6.2
2026-09-15T03:00,16.5,23.2,260.0,12.5,30.0,26.8,91.0,5.5
2026-09-15T04:00,17.4,23.9,274.0,14.4,27.0,26.7,91.0,5.0
2026-09-15T05:00,16.1,22.6,296.0,11.5,29.0,27.1,90.0,5.3
2026-09-15T06:00,18.5,25.0,339.0,11.5,32.0,27.0,90.0,4.9
2026-09-15T07:00,18.9,25.7,391.0,11.3,36.0,28.1,86.0,2.7
2026-09-15T08:00,19.2,26.5,416.0,10.8,45.0,29.5,78.0,3.1
2026-09-15T09:00,21.1,29.1,395.0,9.5,62.0,30.8,71.0,2.7
2026-09-15T10:00,24.3,33.5,348.0,7.8,82.0,31.8,66.0,0.9
2026-09-15T11:00,25.6,35.3,299.0,6.2,97.0,32.7,58.0,3.7
2026-09-15T12:00,23.9,32.5,249.0,4.7,103.0,32.7,59.0,6.6
2026-09-15T13:00,21.5,28.8,198.0,3.2,103.0,32.5,62.0,8.1
2026-09-15T14:00,21.3,28.6,168.0,2.6,99.0,32.2,64.0,9.7
2026-09-15T15:00,20.0,27.1,176.0,3.4,91.0,31.8,61.0,11.9
2026-09-15T16:00,18.8,25.7,206.0,4.9,79.0,30.8,65.0,13.1
2026-09-15T17:00,18.7,26.1,234.0,5.4,73.0,30.9,68.0,13.4
2026-09-15T18:00,16.1,23.6,253.0,5.6,65.0,30.0,73.0,11.2
2026-09-15T19:00,14.2,21.2,270.0,5.9,54.0,29.8,76.0,10.5
2026-09-15T20:00,13.0,19.5,277.0,6.2,45.0,29.6,77.0,10.0
2026-09-15T21:00,12.4,18.6,266.0,6.4,41.0,29.5,77.0,9.5
2026-09-15T22:00,12.2,18.2,247.0,6.5,40.0,29.2,78.0,6.8
2026-09-15T23:00,11.8,17.6,237.0,6.8,40.0,29.6,78.0,9.3
2026-09-16T00:00,11.8,17.4,249.0,7.3,39.0,29.1,80.0,7.8
2026-09-16T01:00,12.5,17.8,272.0,7.9,39.0,28.6,84.0,6.8
2026-09-16T02:00,14.1,19.2,287.0,8.9,40.0,28.1,86.0,8.6
2026-09-16T03:00,16.5,20.8,280.0,10.5,42.0,27.4,86.0,12.5
2026-09-16T04:00,19.4,23.7,267.0,12.5,46.0,26.0,84.0,10.3
2026-09-16T05:00,18.8,23.7,273.0,10.3,48.0,25.7,86.0,8.7
2026-09-16T06:00,23.5,28.4,322.0,12.1,58.0,26.2,86.0,7.2
2026-09-16T07:00,28.9,34.0,391.0,14.3,73.0,27.6,83.0,7.6
2026-09-16T08:00,32.9,37.5,437.0,15.0,93.0,29.0,76.0,6.6
2026-09-16T09:00,36.7,41.7,438.0,12.5,125.0,30.6,69.0,6.6
2026-09-16T10:00,40.0,45.4,415.0,8.3,162.0,32.1,62.0,4.6
2026-09-16T11:00,42.1,47.6,390.0,5.0,188.0,33.6,57.0,4.7
2026-09-16T12:00,41.0,46.4,365.0,3.4,192.0,34.0,54.0,1.5
2026-09-16T13:00,39.3,45.1,337.0,2.8,184.0,33.6,56.0,5.3
2026-09-16T14:00,37.8,44.4,317.0,2.8,175.0,32.7,66.0,8.1
2026-09-16T15:00,39.0,47.5,311.0,3.8,166.0,32.1,70.0,10.2
2026-09-16T16:00,38.6,46.6,314.0,5.5,156.0,31.5,70.0,10.0
2026-09-16T17:00,28.5,34.3,316.0,6.5,146.0,31.6,69.0,11.7
2026-09-16T18:00,27.1,32.8,315.0,6.8,140.0,30.6,73.0,9.3
2026-09-16T19:00,25.7,31.5,314.0,7.3,132.0,30.3,77.0,8.7
2026-09-16T20:00,24.4,30.3,312.0,7.5,125.0,30.0,78.0,8.2
2026-09-16T21:00,22.9,28.7,309.0,7.3,120.0,29.8,78.0,7.6
2026-09-16T22:00,21.1,26.7,305.0,6.9,115.0,29.5,80.0,6.5
2026-09-16T23:00,19.3,24.7,294.0,6.5,111.0,30.0,81.0,9.8
2026-09-17T00:00,17.6,22.9,266.0,5.9,108.0,29.7,82.0,10.0
2026-09-17T01:00,15.9,21.1,232.0,5.3,106.0,29.2,85.0,9.3
2026-09-17T02:00,12.6,16.6,215.0,5.2,104.0,28.5,87.0,12.6
2026-09-17T03:00,11.8,15.1,229.0,5.9,100.0,27.4,82.0,11.8
2026-09-17T04:00,12.3,15.5,260.0,7.0,95.0,26.7,84.0,9.2
2026-09-17T05:00,14.8,16.8,291.0,11.3,81.0,26.9,84.0,13.4
2026-09-17T06:00,17.9,21.2,326.0,12.1,85.0,27.2,84.0,11.5
2026-09-17T07:00,19.2,22.4,361.0,13.1,92.0,28.2,81.0,12.5
2026-09-17T08:00,18.5,20.2,371.0,12.9,105.0,29.7,74.0,12.2
2026-09-17T09:00,19.6,21.1,334.0,10.6,132.0,31.5,65.0,12.3
2026-09-17T10:00,21.2,22.6,273.0,7.1,166.0,33.4,55.0,12.6
2026-09-17T11:00,22.3,23.7,229.0,4.4,189.0,35.3,48.0,10.8
2026-09-17T12:00,21.9,23.6,220.0,3.2,193.0,35.9,46.0,7.7
2026-09-17T13:00,22.5,26.0,228.0,2.7,186.0,35.9,46.0,4.1
2026-09-17T14:00,23.3,28.5,243.0,2.8,179.0,36.0,46.0,3.1
2026-09-17T15:00,23.1,28.1,267.0,3.7,174.0,35.4,48.0,4.0
2026-09-17T16:00,23.0,27.9,299.0,5.2,168.0,34.3,53.0,6.1
2026-09-17T17:00,25.2,29.7,323.0,6.6,165.0,33.4,64.0,6.8
2026-09-17T18:00,28.1,32.6,333.0,10.0,158.0,31.6,76.0,2.4
2026-09-17T19:00,28.7,33.1,335.0,14.8,148.0,31.0,81.0,1.5
2026-09-17T20:00,29.3,33.5,339.0,18.4,137.0,30.6,79.0,5.9
2026-09-17T21:00,30.9,35.3,347.0,19.9,124.0,26.8,89.0,9.2
2026-09-17T22:00,31.0,35.9,357.0,20.2,110.0,27.1,91.0,5.9
2026-09-17T23:00,27.6,32.1,365.0,20.0,98.0,27.7,84.0,13.5
2026-09-18T00:00,24.5,27.9,374.0,19.0,90.0,28.1,84.0,12.6
2026-09-18T01:00,18.3,19.2,382.0,17.5,84.0,27.0,89.0,13.0
2026-09-18T02:00,15.9,16.3,381.0,16.3,79.0,26.2,89.0,9.9
2026-09-18T03:00,14.2,14.6,353.0,15.8,73.0,26.3,84.0,10.6
2026-09-18T04:00,14.6,15.1,316.0,15.6,68.0,26.3,83.0,8.3
2026-09-18T05:00,11.1,11.5,318.0,9.0,78.0,27.5,86.0,7.4
2026-09-18T06:00,12.0,12.5,407.0,10.8,75.0,27.7,86.0,3.0
2026-09-18T07:00,13.5,14.0,536.0,13.1,71.0,28.5,83.0,5.5
2026-09-18T08:00,12.8,13.6,608.0,14.0,76.0,29.6,76.0,3.9
2026-09-18T09:00,12.4,13.3,568.0,12.0,97.0,31.3,66.0,4.4
2026-09-18T10:00,13.2,14.2,472.0,8.6,127.0,32.7,60.0,3.4
2026-09-18T11:00,14.9,16.0,393.0,5.8,152.0,34.2,55.0,3.4
2026-09-18T12:00,15.9,17.1,357.0,4.3,168.0,34.6,53.0,2.9
2026-09-18T13:00,19.7,23.7,339.0,3.5,179.0,34.3,53.0,2.4
2026-09-18T14:00,21.8,26.7,329.0,3.3,185.0,34.3,52.0,4.8
2026-09-18T15:00,22.1,27.1,330.0,3.8,184.0,34.2,53.0,1.2
2026-09-18T16:00,22.1,27.0,341.0,5.0,177.0,33.4,57.0,1.5
2026-09-18T17:00,22.1,26.9,347.0,6.8,146.0,31.8,68.0,11.3
2026-09-18T18:00,22.9,27.6,343.0,8.0,141.0,30.8,71.0,7.7
2026-09-18T19:00,23.5,28.5,334.0,9.5,135.0,30.5,77.0,5.0
2026-09-18T20:00,23.2,28.2,325.0,10.4,129.0,30.3,79.0,5.7
2026-09-18T21:00,23.1,28.2,321.0,9.6,126.0,30.1,78.0,6.2
2026-09-18T22:00,22.7,28.1,317.0,8.1,125.0,30.0,76.0,7.7
2026-09-18T23:00,21.0,26.4,304.0,7.5,119.0,30.4,72.0,10.9
2026-09-19T00:00,18.2,22.8,273.0,8.7,106.0,29.9,71.0,10.2
2026-09-19T01:00,15.1,18.2,233.0,10.7,88.0,29.3,74.0,10.4
2026-09-19T02:00,12.4,13.9,207.0,12.2,74.0,26.8,86.0,15.7
2026-09-19T03:00,11.0,12.5,199.0,12.7,65.0,25.7,93.0,9.3
2026-09-19T04:00,10.5,11.8,203.0,12.8,59.0,26.1,91.0,6.4
2026-09-19T05:00,14.9,17.2,228.0,13.2,63.0,26.6,93.0,8.8
2026-09-19T06:00,16.5,18.9,292.0,14.5,65.0,26.7,91.0,6.8
2026-09-19T07:00,17.4,20.0,376.0,16.1,69.0,27.6,88.0,6.3
2026-09-19T08:00,17.9,20.8,431.0,16.4,81.0,28.6,84.0,6.0
2026-09-19T09:00,18.2,20.9,430.0,14.1,109.0,29.7,78.0,5.6
2026-09-19T10:00,19.4,21.7,400.0,10.5,146.0,32.2,65.0,5.8
2026-09-19T11:00,21.1,23.2,367.0,7.7,173.0,33.4,57.0,4.4
2026-09-19T12:00,21.5,23.5,339.0,6.2,183.0,33.0,57.0,5.2
2026-09-19T13:00,22.6,24.6,309.0,5.5,185.0,33.6,55.0,9.8
2026-09-19T14:00,21.9,25.1,285.0,5.7,183.0,33.9,52.0,11.8
2026-09-19T15:00,24.3,29.9,264.0,7.6,179.0,33.6,54.0,10.5
2026-09-19T16:00,24.8,30.6,249.0,10.4,172.0,33.2,57.0,5.2
2026-09-19T17:00,26.1,28.3,262.0,14.0,147.0,30.8,76.0,8.8
2026-09-19T18:00,27.0,29.7,335.0,13.1,148.0,29.6,80.0,8.4
2026-09-19T19:00,28.5,33.2,436.0,11.7,149.0,29.6,80.0,7.0
2026-09-19T20:00,28.3,33.2,486.0,10.4,150.0,29.6,83.0,7.6
2026-09-19T21:00,28.2,33.4,433.0,9.0,150.0,29.4,84.0,6.3
2026-09-19T22:00,28.5,33.9,329.0,7.6,149.0,27.6,90.0,13.2
2026-09-19T23:00,27.5,33.2,252.0,7.1,145.0,29.3,80.0,13.0
2026-09-20T00:00,25.1,29.6,236.0,8.0,136.0,27.8,85.0,15.1
2026-09-20T01:00,21.0,23.3,248.0,9.8,123.0,26.6,87.0,15.3
2026-09-20T02:00,19.8,21.1,261.0,11.2,112.0,26.5,88.0,9.2
2026-09-20T03:00,20.0,21.3,271.0,11.9,101.0,26.2,89.0,9.4
2026-09-20T04:00,19.6,20.9,283.0,12.2,92.0,26.1,88.0,11.0
2026-09-20T05:00,10.6,12.0,287.0,8.5,81.0,25.7,85.0,13.1
2026-09-20T06:00,10.3,11.6,278.0,8.7,81.0,25.9,85.0,11.5
2026-09-20T07:00,11.5,12.9,261.0,8.8,82.0,26.7,84.0,10.1
2026-09-20T08:00,11.8,13.3,242.0,8.5,88.0,28.6,78.0,10.6
2026-09-20T09:00,12.2,13.6,221.0,7.2,103.0,30.1,70.0,9.8
2026-09-20T10:00,12.2,13.5,197.0,5.4,122.0,31.2,62.0,14.5
2026-09-20T11:00,12.0,13.2,181.0,3.9,137.0,32.0,61.0,15.2
2026-09-20T12:00,11.5,12.6,175.0,3.0,144.0,32.4,60.0,14.3
2026-09-20T13:00,11.9,13.7,176.0,2.4,146.0,32.7,58.0,14.3
2026-09-20T14:00,12.5,15.1,182.0,2.4,146.0,32.4,58.0,13.5
2026-09-20T15:00,12.9,15.6,194.0,3.3,142.0,32.4,58.0,11.3
2026-09-20T16:00,12.9,15.8,212.0,4.7,136.0,32.2,58.0,6.7
2026-09-20T17:00,23.9,25.8,233.0,8.9,126.0,31.4,68.0,2.3
2026-09-20T18:00,26.7,28.9,259.0,9.7,124.0,29.2,82.0,5.5
2026-09-20T19:00,26.6,29.0,288.0,10.8,120.0,28.4,82.0,7.2
2026-09-20T20:00,26.1,28.7,312.0,11.6,116.0,28.2,82.0,5.5
2026-09-20T21:00,26.2,29.0,333.0,12.0,111.0,28.0,84.0,6.6
2026-09-20T22:00,24.7,27.9,350.0,12.1,105.0,27.5,86.0,6.9
2026-09-20T23:00,22.2,24.9,351.0,12.1,100.0,28.1,85.0,7.9
2026-09-21T00:00,19.6,21.2,325.0,11.8,96.0,24.4,96.0,7.0
2026-09-21T01:00,18.9,19.8,284.0,11.3,91.0,24.8,96.0,6.7
2026-09-21T02:00,18.6,19.3,250.0,11.1,86.0,24.8,95.0,6.8
2026-09-21T03:00,17.8,18.3,225.0,11.3,78.0,25.0,96.0,9.6
2026-09-21T04:00,16.7,17.2,207.0,11.8,68.0,25.3,96.0,9.3
2026-09-21T05:00,15.9,16.5,212.0,11.2,71.0,26.1,89.0,12.0
2026-09-21T06:00,15.2,15.6,263.0,12.4,70.0,26.0,89.0,11.5
2026-09-21T07:00,14.8,15.1,337.0,13.9,70.0,27.1,86.0,10.1
2026-09-21T08:00,14.4,14.6,375.0,14.1,80.0,28.7,79.0,9.6
2026-09-21T09:00,15.3,15.7,341.0,11.8,108.0,30.7,71.0,8.5
2026-09-21T10:00,17.8,18.3,273.0,8.3,145.0,32.1,61.0,9.0
2026-09-21T11:00,21.1,21.7,223.0,5.5,175.0,32.6,59.0,6.2
2026-09-21T12:00,23.5,24.2,215.0,4.0,195.0,33.0,58.0,7.0
2026-09-21T13:00,24.7,25.6,226.0,3.1,207.0,32.5,59.0,5.2
2026-09-21T14:00,24.3,25.4,242.0,3.5,210.0,32.1,61.0,3.5
2026-09-21T15:00,24.2,27.1,256.0,5.8,197.0,31.9,66.0,7.3
2026-09-21T16:00,25.3,30.6,276.0,9.2,173.0,28.8,78.0,5.0
2026-09-21T17:00,31.5,34.0,308.0,18.0,146.0,30.4,77.0,11.6
2026-09-21T18:00,31.5,34.1,373.0,19.8,131.0,28.0,83.0,13.2
2026-09-21T19:00,31.8,34.7,450.0,22.2,111.0,27.4,84.0,10.2
2026-09-21T20:00,31.4,34.8,486.0,23.5,94.0,27.0,82.0,10.2
2026-09-21T21:00,29.6,32.8,446.0,22.8,86.0,26.8,81.0,10.5
2026-09-21T22:00,27.1,29.6,366.0,21.0,82.0,26.4,81.0,11.7
2026-09-21T23:00,24.6,25.9,298.0,18.9,79.0,26.2,82.0,14.6
2026-09-22T00:00,22.6,23.7,263.0,16.4,78.0,26.0,82.0,15.5
2026-09-22T01:00,20.0,21.0,240.0,13.7,79.0,26.2,79.0,15.1
2026-09-22T02:00,17.5,18.2,224.0,11.8,78.0,26.2,78.0,16.0
2026-09-22T03:00,15.9,16.4,207.0,11.4,72.0,26.2,77.0,16.3
2026-09-22T04:00,14.8,15.1,197.0,11.8,64.0,26.0,78.0,13.8
2026-09-22T05:00,9.0,9.2,214.0,11.3,56.0,26.9,79.0,12.2
2026-09-22T06:00,9.7,9.9,289.0,13.5,53.0,26.8,80.0,11.6
2026-09-22T07:00,11.5,11.7,390.0,16.3,50.0,27.7,79.0,10.1
2026-09-22T08:00,12.3,12.6,443.0,17.4,55.0,29.0,76.0,10.5
2026-09-22T09:00,12.6,13.1,400.0,14.9,77.0,30.4,69.0,13.5
2026-09-22T10:00,12.8,13.6,308.0,10.6,107.0,31.5,64.0,15.7
2026-09-22T11:00,13.8,14.8,235.0,7.3,130.0,32.1,61.0,16.5
2026-09-22T12:00,14.7,15.8,196.0,5.6,141.0,32.0,59.0,15.7
2026-09-22T13:00,15.4,16.4,176.0,4.8,146.0,32.5,58.0,14.1
2026-09-22T14:00,14.6,15.5,193.0,5.7,146.0,33.0,56.0,14.4
2026-09-22T15:00,13.4,14.4,265.0,9.6,137.0,33.0,56.0,14.1
2026-09-22T16:00,13.2,14.2,374.0,15.2,124.0,32.3,60.0,12.6
2026-09-22T17:00,14.8,15.9,484.0,20.7,91.0,31.5,65.0,6.4
2026-09-22T18:00,19.6,20.8,601.0,27.8,77.0,30.4,73.0,3.1
2026-09-22T19:00,23.7,26.1,719.0,37.3,57.0,30.2,75.0,2.9
2026-09-22T20:00,25.1,28.8,784.0,43.2,44.0,29.7,73.0,4.6
2026-09-22T21:00,26.3,30.4,760.0,42.0,43.0,29.4,71.0,6.9
2026-09-22T22:00,27.0,31.3,683.0,37.0,48.0,28.9,72.0,7.0
2026-09-22T23:00,26.6,31.0,602.0,32.3,51.0,29.6,70.0,12.3
2026-09-23T00:00,24.3,27.9,528.0,28.9,48.0,29.0,68.0,12.7
2026-09-23T01:00,21.1,23.6,449.0,25.8,43.0,28.4,74.0,14.9
2026-09-23T02:00,20.1,22.1,385.0,23.6,38.0,28.1,78.0,15.2
2026-09-23T03:00,20.0,21.1,341.0,23.0,34.0,28.2,76.0,16.7
2026-09-23T04:00,20.1,21.1,311.0,23.3,30.0,28.2,70.0,14.2
2026-09-23T05:00,14.9,17.6,293.0,18.2,35.0,28.8,64.0,16.3
2026-09-23T06:00,14.5,18.0,293.0,16.7,39.0,28.2,66.0,15.2
2026-09-23T07:00,15.4,19.6,304.0,14.5,45.0,28.5,65.0,15.3
2026-09-23T08:00,21.7,26.0,305.0,12.4,52.0,29.2,62.0,15.3
2026-09-23T09:00,10.1,12.2,281.0,10.4,61.0,29.6,60.0,18.7
2026-09-23T10:00,8.3,9.6,247.0,8.5,72.0,29.9,62.0,15.5
2026-09-23T11:00,8.7,10.1,219.0,7.0,83.0,31.8,54.0,17.4
2026-09-23T12:00,9.5,11.2,194.0,5.8,95.0,32.4,55.0,18.4
2026-09-23T13:00,10.8,12.5,176.0,5.2,106.0,33.5,52.0,13.5
2026-09-23T14:00,11.4,12.9,197.0,5.9,111.0,32.6,56.0,15.3
2026-09-23T15:00,11.9,13.2,291.0,8.9,104.0,30.2,68.0,18.1
2026-09-23T16:00,12.1,13.4,423.0,13.4,89.0,27.2,87.0,9.9
2026-09-23T17:00,11.1,11.2,522.0,16.9,93.0,29.5,77.0,10.3
2026-09-23T18:00,11.8,11.9,556.0,19.7,83.0,28.3,78.0,9.4
2026-09-23T19:00,13.3,13.4,557.0,23.4,69.0,28.2,78.0,9.3
2026-09-23T20:00,13.8,13.9,541.0,25.5,58.0,28.5,76.0,9.5
2026-09-23T21:00,13.4,13.6,512.0,24.6,53.0,28.6,73.0,8.8
2026-09-23T22:00,12.4,12.5,466.0,22.1,51.0,28.3,75.0,9.1
2026-09-23T23:00,11.2,11.4,414.0,20.0,49.0,29.4,72.0,12.8
2026-09-24T00:00,11.1,11.3,351.0,19.3,45.0,29.2,70.0,14.2
2026-09-24T01:00,11.2,11.5,282.0,18.9,41.0,28.9,68.0,13.5
2026-09-24T02:00,13.5,14.7,230.0,18.4,38.0,28.8,62.0,15.7
2026-09-24T03:00,17.4,20.3,203.0,17.3,38.0,28.5,53.0,17.3
2026-09-24T04:00,19.0,22.9,192.0,16.0,40.0,27.7,53.0,16.3
2026-09-24T05:00,15.1,19.4,199.0,11.3,51.0,28.2,55.0,18.9
2026-09-24T06:00,13.8,17.5,235.0,12.1,52.0,27.8,56.0,20.1
2026-09-24T07:00,13.2,16.4,289.0,13.0,53.0,28.2,57.0,20.4
2026-09-24T08:00,13.2,16.0,321.0,13.1,59.0,28.6,59.0,18.4
2026-09-24T09:00,13.3,16.2,309.0,11.4,72.0,29.6,59.0,19.2
2026-09-24T10:00,13.6,16.9,276.0,8.8,90.0,30.8,58.0,17.7
2026-09-24T11:00,14.6,18.5,255.0,6.7,106.0,32.3,54.0,19.4
2026-09-24T12:00,15.4,19.5,255.0,5.5,119.0,33.2,53.0,20.2
2026-09-24T13:00,16.0,20.1,267.0,4.9,130.0,32.7,55.0,17.4
2026-09-24T14:00,16.5,20.5,300.0,5.5,135.0,32.9,56.0,13.5
2026-09-24T15:00,16.8,21.5,382.0,7.8,130.0,33.7,52.0,15.0
2026-09-24T16:00,17.7,23.1,485.0,11.3,119.0,33.9,50.0,16.3
2026-09-24T17:00,21.8,28.6,535.0,16.1,109.0,32.7,52.0,16.1
2026-09-24T18:00,21.3,27.6,480.0,16.4,102.0,31.7,48.0,17.7
2026-09-24T19:00,19.7,25.0,371.0,16.9,92.0,31.3,48.0,20.4
2026-09-24T20:00,18.6,23.2,287.0,17.1,83.0,30.6,51.0,16.1
2026-09-24T21:00,18.4,22.8,264.0,17.1,77.0,30.3,53.0,12.8
2026-09-24T22:00,18.7,23.1,265.0,16.8,71.0,30.0,54.0,12.1
2026-09-24T23:00,18.3,22.4,262.0,16.2,66.0,30.0,54.0,13.5
2026-09-25T00:00,17.5,21.4,241.0,14.9,61.0,29.1,57.0,14.0
2026-09-25T01:00,14.8,18.1,215.0,13.2,56.0,28.8,60.0,15.1
2026-09-25T02:00,10.9,13.1,195.0,11.8,52.0,28.9,60.0,16.5
2026-09-25T03:00,8.1,9.5,180.0,10.8,49.0,28.7,62.0,17.9
2026-09-25T04:00,6.8,7.9,171.0,10.1,47.0,28.5,63.0,18.8
2026-09-25T05:00,5.1,5.3,178.0,9.5,47.0,28.6,66.0,15.7
2026-09-25T06:00,6.0,6.2,216.0,11.2,45.0,28.5,66.0,16.0
2026-09-25T07:00,7.1,7.4,270.0,13.5,44.0,29.4,64.0,14.8
2026-09-25T08:00,8.5,9.1,302.0,14.4,48.0,30.9,60.0,17.0
2026-09-25T09:00,8.8,9.6,290.0,12.6,62.0,31.8,57.0,16.7
2026-09-25T10:00,9.2,10.5,256.0,9.4,81.0,32.7,56.0,14.1
2026-09-25T11:00,10.3,12.3,232.0,6.8,98.0,33.7,53.0,17.6
2026-09-25T12:00,12.3,15.1,225.0,5.2,111.0,34.2,51.0,17.9
2026-09-25T13:00,13.9,17.5,227.0,4.3,122.0,35.1,48.0,16.7
2026-09-25T14:00,15.0,19.1,245.0,4.8,127.0,35.0,45.0,17.5
2026-09-25T15:00,14.7,18.6,291.0,7.8,124.0,34.8,47.0,14.5
2026-09-25T16:00,14.7,18.2,354.0,12.4,115.0,34.5,46.0,15.2
2026-09-25T17:00,25.3,30.4,404.0,13.8,109.0,33.8,50.0,12.6
2026-09-25T18:00,24.8,29.1,430.0,14.7,98.0,32.5,56.0,11.5
2026-09-25T19:00,22.2,25.2,444.0,16.0,82.0,31.6,60.0,9.8
2026-09-25T20:00,19.3,21.2,447.0,16.9,69.0,30.8,63.0,7.8
2026-09-25T21:00,17.2,17.9,440.0,17.0,63.0,30.3,65.0,8.1
2026-09-25T22:00,16.4,16.8,424.0,16.7,59.0,29.9,66.0,11.4
2026-09-25T23:00,15.6,16.1,401.0,16.3,56.0,29.8,69.0,11.5
2026-09-26T00:00,15.5,16.8,368.0,15.9,53.0,29.1,70.0,12.8
2026-09-26T01:00,15.1,16.7,329.0,15.4,50.0,28.8,69.0,14.1
2026-09-26T02:00,14.8,16.4,297.0,15.1,47.0,28.5,69.0,15.7
2026-09-26T03:00,14.2,15.8,275.0,15.0,43.0,28.4,68.0,16.5
2026-09-26T04:00,13.7,15.2,261.0,15.1,40.0,28.0,68.0,15.3
2026-09-26T05:00,2.1,2.1,256.0,13.4,47.0,28.1,66.0,16.5
2026-09-26T06:00,3.0,3.0,271.0,12.9,51.0,27.7,67.0,14.8
2026-09-26T07:00,4.1,4.4,295.0,12.0,57.0,28.6,65.0,13.7
2026-09-26T08:00,5.0,5.5,304.0,10.8,69.0,29.9,62.0,13.8
2026-09-26T09:00,6.7,7.6,278.0,8.8,93.0,31.3,57.0,14.0
2026-09-26T10:00,9.4,10.7,236.0,6.4,124.0,32.5,54.0,11.8
2026-09-26T11:00,12.5,14.3,209.0,4.5,147.0,33.9,50.0,12.2
2026-09-26T12:00,14.9,17.3,214.0,3.3,159.0,34.8,47.0,11.9
2026-09-26T13:00,15.5,18.7,235.0,2.6,163.0,35.9,40.0,10.4
2026-09-26T14:00,18.1,24.3,249.0,3.1,162.0,36.1,37.0,7.1
2026-09-26T15:00,18.2,24.9,247.0,5.9,151.0,33.8,52.0,10.4
2026-09-26T16:00,17.8,24.8,240.0,9.9,133.0,31.4,69.0,14.7
2026-09-26T17:00,21.4,27.0,235.0,11.3,121.0,32.0,60.0,10.6
2026-09-26T18:00,20.7,25.9,238.0,10.8,117.0,30.7,73.0,10.7
2026-09-26T19:00,20.4,26.1,244.0,10.2,112.0,30.3,76.0,9.7
2026-09-26T20:00,19.7,25.5,246.0,9.7,109.0,30.1,76.0,6.4
2026-09-26T21:00,20.0,26.1,243.0,9.6,109.0,29.7,79.0,5.1
2026-09-26T22:00,20.7,27.1,236.0,9.7,110.0,29.6,81.0,6.2
2026-09-26T23:00,21.0,27.5,227.0,9.6,110.0,29.8,78.0,6.6
2026-09-27T00:00,21.1,27.6,212.0,9.0,107.0,29.4,79.0,7.3
2026-09-27T01:00,20.6,27.1,195.0,8.2,102.0,29.0,83.0,6.5
2026-09-27T02:00,19.7,26.0,191.0,8.1,96.0,28.7,87.0,6.0
2026-09-27T03:00,18.5,24.4,205.0,9.2,85.0,28.3,89.0,4.5
2026-09-27T04:00,18.1,23.5,232.0,10.8,72.0,27.7,91.0,2.7
2026-09-27T05:00,20.5,26.7,268.0,10.0,80.0,28.3,86.0,4.2
2026-09-27T06:00,21.7,27.5,330.0,10.7,83.0,28.2,86.0,6.4
2026-09-27T07:00,22.7,27.9,402.0,11.4,88.0,29.6,78.0,7.6
2026-09-27T08:00,23.8,29.1,429.0,11.3,100.0,31.6,67.0,10.4
2026-09-27T09:00,25.3,31.8,368.0,9.3,126.0,34.0,43.0,12.0
2026-09-27T10:00,24.8,30.7,262.0,6.4,160.0,35.0,39.0,12.7
2026-09-27T11:00,24.7,29.0,185.0,4.1,185.0,36.3,38.0,10.7
2026-09-27T12:00,26.1,30.7,171.0,3.0,196.0,35.3,40.0,10.3
2026-09-27T13:00,27.0,32.2,185.0,2.6,199.0,35.5,42.0,6.8
2026-09-27T14:00,27.5,33.1,203.0,2.8,198.0,35.2,43.0,9.3
2026-09-27T15:00,27.2,32.6,217.0,3.9,191.0,33.7,53.0,11.6
2026-09-27T16:00,27.0,32.7,234.0,5.7,180.0,32.5,60.0,10.6
2026-09-27T17:00,37.4,43.8,249.0,7.4,178.0,32.3,59.0,8.4
2026-09-27T18:00,36.6,42.7,259.0,7.1,171.0,31.2,68.0,6.3
2026-09-27T19:00,36.0,44.7,266.0,6.7,160.0,30.7,71.0,6.8
2026-09-27T20:00,35.9,47.4,270.0,6.4,151.0,30.4,72.0,6.3
2026-09-27T21:00,34.8,46.9,269.0,6.3,145.0,30.1,74.0,5.6
2026-09-27T22:00,34.6,47.0,264.0,6.4,140.0,29.8,77.0,5.2
2026-09-27T23:00,34.9,47.5,264.0,6.7,135.0,29.9,77.0,4.5
2026-09-28T00:00,35.6,48.3,269.0,7.1,130.0,29.4,79.0,3.4
2026-09-28T01:00,36.6,49.1,277.0,7.7,125.0,28.9,80.0,4.0
2026-09-28T02:00,37.6,49.9,292.0,8.5,119.0,28.5,82.0,4.0
2026-09-28T03:00,38.4,50.2,314.0,9.5,110.0,28.0,84.0,4.5
2026-09-28T04:00,39.3,50.9,342.0,10.8,100.0,27.5,85.0,4.4
2026-09-28T05:00,37.5,46.9,379.0,10.4,101.0,28.2,81.0,6.7
2026-09-28T06:00,39.3,48.2,438.0,11.5,107.0,28.1,80.0,6.7
2026-09-28T07:00,40.5,48.5,505.0,12.9,116.0,29.5,73.0,6.7
2026-09-28T08:00,40.3,47.4,540.0,13.2,131.0,31.7,62.0,7.8
2026-09-28T09:00,40.5,47.8,517.0,11.3,158.0,33.7,51.0,7.2
2026-09-28T10:00,41.6,48.9,462.0,8.2,191.0,34.9,44.0,3.3
2026-09-28T11:00,42.6,49.5,411.0,5.7,213.0,35.8,41.0,1.8
2026-09-28T12:00,42.4,48.8,374.0,4.4,218.0,35.5,41.0,2.9
2026-09-28T13:00,39.7,45.6,341.0,3.6,213.0,35.5,40.0,4.5
2026-09-28T14:00,38.1,45.9,317.0,3.5,203.0,35.0,41.0,5.5
2026-09-28T15:00,36.0,43.9,303.0,4.1,188.0,34.2,47.0,7.4
2026-09-28T16:00,32.4,39.7,298.0,5.4,168.0,33.0,56.0,11.8
2026-09-28T17:00,32.4,41.6,308.0,6.9,140.0,32.7,51.0,11.3
2026-09-28T18:00,29.3,38.1,348.0,8.0,129.0,31.7,59.0,8.6
2026-09-28T19:00,28.6,38.2,403.0,9.4,113.0,31.2,65.0,6.5
2026-09-28T20:00,30.6,41.4,430.0,10.7,100.0,30.8,68.0,6.0
2026-09-28T21:00,29.2,39.8,405.0,11.4,93.0,30.6,70.0,5.1
2026-09-28T22:00,29.1,39.5,352.0,12.0,89.0,30.3,72.0,6.0
2026-09-28T23:00,28.8,38.8,307.0,12.4,86.0,27.7,85.0,11.7
2026-09-29T00:00,28.7,38.2,281.0,12.9,83.0,25.9,92.0,15.9
2026-09-29T01:00,29.0,38.4,263.0,13.3,80.0,26.7,89.0,8.6
2026-09-29T02:00,29.6,38.6,250.0,13.5,79.0,26.7,88.0,10.4
2026-09-29T03:00,31.2,40.0,233.0,13.2,80.0,26.9,86.0,8.8
2026-09-29T04:00,33.2,41.3,222.0,12.8,82.0,26.8,83.0,9.2
2026-09-29T05:00,28.5,35.7,242.0,13.1,76.0,28.1,80.0,6.0
2026-09-29T06:00,29.9,36.2,331.0,14.3,85.0,27.9,82.0,7.6
2026-09-29T07:00,31.9,36.6,451.0,15.7,99.0,28.5,83.0,5.8
2026-09-29T08:00,35.4,40.5,512.0,15.8,117.0,30.8,71.0,7.3
2026-09-29T09:00,37.3,43.1,455.0,13.2,145.0,32.5,61.0,9.4
2026-09-29T10:00,39.1,46.1,338.0,9.2,177.0,33.7,53.0,7.7
2026-09-29T11:00,41.2,48.7,250.0,6.0,202.0,34.7,48.0,3.3
2026-09-29T12:00,43.2,50.1,227.0,4.4,215.0,34.7,48.0,2.4
2026-09-29T13:00,43.1,49.2,231.0,3.7,220.0,34.4,49.0,6.4
2026-09-29T14:00,42.4,48.4,241.0,3.7,219.0,33.3,55.0,10.6
2026-09-29T15:00,42.4,49.2,248.0,4.8,211.0,32.9,55.0,10.3
2026-09-29T16:00,39.9,46.9,260.0,6.6,197.0,32.3,57.0,10.4
2026-09-29T17:00,38.8,45.1,276.0,8.2,174.0,31.8,67.0,8.8
2026-09-29T18:00,35.6,43.4,294.0,8.2,158.0,30.6,78.0,5.9
2026-09-29T19:00,30.3,37.3,317.0,8.3,135.0,30.2,79.0,8.5
2026-09-29T20:00,25.7,32.6,351.0,8.5,115.0,30.0,78.0,6.7
2026-09-29T21:00,23.1,30.2,410.0,8.8,102.0,29.9,79.0,6.2
2026-09-29T22:00,22.1,29.0,480.0,9.1,93.0,29.8,79.0,4.3
2026-09-29T23:00,21.9,28.2,532.0,9.9,85.0,30.0,82.0,5.0
2026-09-30T00:00,22.9,28.8,560.0,11.4,79.0,29.3,85.0,4.7
2026-09-30T01:00,25.3,31.0,570.0,13.2,74.0,29.0,87.0,5.5
2026-09-30T02:00,27.9,33.9,549.0,14.6,72.0,28.5,85.0,7.4
2026-09-30T03:00,31.1,37.0,463.0,15.3,71.0,28.1,82.0,8.7
2026-09-30T04:00,32.1,36.4,345.0,15.5,72.0,27.6,85.0,9.6
2026-09-30T05:00,27.3,32.6,282.0,13.8,69.0,27.9,83.0,6.1
2026-09-30T06:00,29.5,34.6,333.0,14.4,78.0,27.9,84.0,4.4
2026-09-30T07:00,30.5,34.2,440.0,15.2,92.0,29.0,79.0,4.6
2026-09-30T08:00,32.6,36.7,509.0,14.8,111.0,30.8,70.0,5.2
2026-09-30T09:00,33.5,37.7,496.0,12.1,140.0,32.6,61.0,5.9
2026-09-30T10:00,35.7,40.6,447.0,8.3,175.0,33.7,54.0,3.1
2026-09-30T11:00,38.9,45.5,402.0,5.3,200.0,34.2,52.0,0.3
2026-09-30T12:00,39.9,47.4,375.0,3.9,210.0,34.5,53.0,3.6
2026-09-30T13:00,39.2,46.7,354.0,3.3,212.0,34.5,55.0,7.5
2026-09-30T14:00,37.7,45.2,339.0,3.3,208.0,32.4,62.0,9.0
2026-09-30T15:00,36.3,43.4,332.0,4.3,198.0,32.6,62.0,5.6
2026-09-30T16:00,34.0,39.6,332.0,5.9,184.0,32.2,63.0,8.8
2026-09-30T17:00,27.3,30.2,337.0,6.6,154.0,31.7,69.0,9.2
2026-09-30T18:00,27.0,29.5,341.0,7.0,147.0,30.8,76.0,6.8
2026-09-30T19:00,26.0,28.9,349.0,7.6,138.0,30.3,79.0,5.8
2026-09-30T20:00,24.7,28.3,375.0,8.3,129.0,29.9,82.0,3.4
2026-09-30T21:00,24.7,29.3,433.0,9.4,122.0,29.7,83.0,3.3
2026-09-30T22:00,26.7,32.5,509.0,10.7,115.0,28.9,87.0,6.5
2026-09-30T23:00,27.7,34.1,571.0,11.6,109.0,29.2,85.0,4.1
2026-10-01T00:00,29.0,35.6,620.0,11.8,103.0,28.3,87.0,4.7
2026-10-01T01:00,30.0,36.9,655.0,11.7,98.0,27.5,87.0,5.4
2026-10-01T02:00,31.2,38.5,647.0,11.9,93.0,27.2,88.0,5.1
2026-10-01T03:00,32.7,40.4,555.0,12.7,86.0,27.0,90.0,5.7
2026-10-01T04:00,33.9,41.7,420.0,13.7,79.0,26.8,92.0,4.3
2026-10-01T05:00,31.9,40.4,337.0,12.0,76.0,26.5,87.0,5.7
2026-10-01T06:00,33.9,42.5,369.0,12.7,82.0,26.5,87.0,4.5
2026-10-01T07:00,36.0,45.3,452.0,13.6,91.0,28.1,82.0,2.4
2026-10-01T08:00,37.5,48.3,497.0,13.3,103.0,30.3,71.0,1.8
2026-10-01T09:00,37.3,50.6,455.0,10.9,123.0,31.9,63.0,1.8
2026-10-01T10:00,38.6,56.3,374.0,7.3,147.0,32.8,56.0,4.0
2026-10-01T11:00,38.3,56.3,303.0,4.5,161.0,33.6,51.0,7.1
2026-10-01T12:00,35.5,52.7,257.0,3.1,157.0,33.5,51.0,8.8
2026-10-01T13:00,32.4,49.4,222.0,2.5,143.0,33.6,48.0,9.4
2026-10-01T14:00,28.1,45.2,203.0,2.5,128.0,33.4,48.0,10.3
2026-10-01T15:00,24.9,41.8,211.0,3.3,112.0,32.4,54.0,11.2
2026-10-01T16:00,22.9,39.9,235.0,4.6,94.0,31.5,60.0,11.1
2026-10-01T17:00,17.1,28.9,249.0,4.8,77.0,31.2,59.0,10.5
2026-10-01T18:00,16.3,27.0,239.0,5.5,74.0,30.2,67.0,8.5
2026-10-01T19:00,16.6,27.9,219.0,6.6,71.0,30.0,69.0,6.9
2026-10-01T20:00,17.2,28.6,203.0,7.6,68.0,29.8,70.0,5.8
2026-10-01T21:00,18.0,29.7,197.0,8.6,66.0,29.6,71.0,4.7
2026-10-01T22:00,18.6,30.0,195.0,9.5,65.0,29.3,73.0,3.2
2026-10-01T23:00,19.0,30.6,193.0,10.0,65.0,29.6,72.0,3.2
2026-10-02T00:00,19.0,30.6,186.0,9.5,65.0,28.9,76.0,2.7
2026-10-02T01:00,19.5,31.7,180.0,8.6,66.0,28.6,78.0,2.3
2026-10-02T02:00,20.3,33.3,185.0,8.3,66.0,28.3,79.0,1.5
2026-10-02T03:00,21.4,35.5,214.0,9.5,64.0,28.0,80.0,0.6
2026-10-02T04:00,22.9,38.1,254.0,11.4,62.0,27.7,82.0,0.4
2026-10-02T05:00,22.3,35.2,280.0,11.6,61.0,27.7,84.0,3.1
2026-10-02T06:00,24.5,38.3,280.0,10.5,64.0,27.4,88.0,4.2
2026-10-02T07:00,21.3,35.9,265.0,8.8,68.0,29.0,78.0,2.7
2026-10-02T08:00,21.2,37.6,245.0,7.2,73.0,30.9,61.0,4.0
2026-10-02T09:00,22.8,41.2,218.0,5.6,80.0,31.9,54.0,7.1
2026-10-02T10:00,24.4,44.5,185.0,4.1,87.0,32.5,51.0,9.4
2026-10-02T11:00,24.6,44.5,162.0,2.9,92.0,33.4,47.0,10.1
2026-10-02T12:00,24.7,44.1,154.0,2.2,93.0,33.0,49.0,11.2
2026-10-02T13:00,25.4,44.9,156.0,1.8,92.0,32.9,49.0,11.2
2026-10-02T14:00,26.1,46.0,160.0,1.9,89.0,32.7,49.0,11.1
2026-10-02T15:00,26.0,46.1,167.0,2.7,84.0,32.1,53.0,11.5
2026-10-02T16:00,26.3,46.6,177.0,3.9,77.0,31.3,56.0,11.6
2026-10-02T17:00,34.1,60.8,182.0,4.6,76.0,31.4,55.0,10.7
2026-10-02T18:00,35.7,61.5,177.0,5.0,76.0,30.5,59.0,9.9
2026-10-02T19:00,37.0,61.9,167.0,5.7,75.0,30.3,61.0,8.5
2026-10-02T20:00,38.1,61.9,160.0,6.7,74.0,30.2,62.0,8.4
2026-10-02T21:00,39.2,62.2,162.0,8.3,72.0,30.0,64.0,7.7
2026-10-02T22:00,40.4,62.9,167.0,10.3,70.0,29.8,65.0,6.7
2026-10-02T23:00,41.4,63.6,169.0,12.0,68.0,29.8,66.0,6.5
2026-10-03T00:00,41.9,63.8,161.0,13.3,66.0,29.4,68.0,4.3
2026-10-03T01:00,42.5,63.6,150.0,14.2,65.0,29.1,69.0,3.3
2026-10-03T02:00,42.6,63.1,150.0,14.9,64.0,28.8,72.0,2.0
2026-10-03T03:00,41.9,61.2,171.0,15.3,62.0,28.5,72.0,2.9
2026-10-03T04:00,41.1,59.1,203.0,15.4,61.0,26.8,80.0,5.3
2026-10-03T05:00,32.9,46.9,229.0,11.8,68.0,28.2,78.0,4.7
2026-10-03T06:00,34.0,47.8,243.0,10.6,71.0,26.8,85.0,4.0
2026-10-03T07:00,30.7,44.2,251.0,8.8,76.0,28.0,79.0,2.5
2026-10-03T08:00,28.2,41.1,249.0,7.1,81.0,29.5,70.0,1.4
2026-10-03T09:00,26.5,38.4,230.0,5.5,86.0,31.0,62.0,3.0
2026-10-03T10:00,25.4,36.4,200.0,4.0,91.0,32.0,57.0,6.4
2026-10-03T11:00,24.9,35.7,178.0,2.9,95.0,32.9,52.0,7.4
2026-10-03T12:00,24.2,34.9,170.0,2.3,96.0,33.0,51.0,8.9
2026-10-03T13:00,22.9,33.5,168.0,2.0,96.0,33.1,51.0,9.9
2026-10-03T14:00,21.7,32.0,169.0,2.2,93.0,32.4,54.0,11.1
2026-10-03T15:00,20.4,30.5,173.0,2.9,88.0,31.8,58.0,11.2
2026-10-03T16:00,19.8,29.9,179.0,3.9,81.0,31.1,60.0,10.6
2026-10-03T17:00,16.9,24.9,181.0,5.1,82.0,31.7,53.0,8.5
2026-10-03T18:00,16.6,24.9,175.0,5.7,77.0,31.1,55.0,7.7
2026-10-03T19:00,15.9,24.0,166.0,6.6,71.0,30.8,56.0,8.0
2026-10-03T20:00,15.6,23.4,161.0,7.3,66.0,30.6,57.0,8.1
2026-10-03T21:00,15.5,23.2,165.0,7.6,64.0,30.3,59.0,7.6
2026-10-03T22:00,15.6,23.2,172.0,7.7,62.0,30.1,61.0,7.7
2026-10-03T23:00,15.7,23.2,175.0,7.6,61.0,30.0,63.0,7.9
2026-10-04T00:00,15.7,23.4,166.0,7.1,59.0,29.3,68.0,6.8
2026-10-04T01:00,15.9,23.7,153.0,6.5,56.0,29.1,70.0,6.4
2026-10-04T02:00,16.2,24.1,151.0,6.2,54.0,28.8,72.0,5.3
2026-10-04T03:00,16.7,24.7,171.0,6.8,51.0,28.5,74.0,4.4
2026-10-04T04:00,17.2,25.4,203.0,7.8,48.0,28.1,77.0,3.4
2026-10-04T05:00,17.0,25.0,231.0,7.2,47.0,28.4,78.0,4.8
2026-10-04T06:00,19.0,27.2,254.0,6.8,49.0,28.1,80.0,4.7
2026-10-04T07:00,18.2,27.0,273.0,6.2,53.0,29.4,73.0,3.5
2026-10-04T08:00,17.6,26.8,279.0,5.4,58.0,31.0,63.0,4.4
2026-10-04T09:00,18.1,27.9,263.0,4.4,66.0,32.4,55.0,5.1
2026-10-04T10:00,18.9,29.1,234.0,3.3,75.0,33.4,50.0,7.1
2026-10-04T11:00,19.0,29.2,207.0,2.4,81.0,34.2,47.0,8.4
2026-10-04T12:00,19.2,28.9,187.0,1.9,84.0,34.1,48.0,10.0
2026-10-04T13:00,18.9,28.3,169.0,1.7,84.0,33.9,49.0,11.2
2026-10-04T14:00,18.8,28.2,158.0,1.8,82.0,33.3,50.0,12.6
2026-10-04T15:00,17.9,26.9,158.0,2.3,76.0,32.6,52.0,12.7
2026-10-04T16:00,16.9,25.8,165.0,3.1,67.0,32.0,54.0,12.5
2026-10-04T17:00,16.6,25.1,167.0,4.0,69.0,31.5,58.0,11.5
2026-10-04T18:00,15.5,23.7,156.0,4.3,64.0,30.9,62.0,10.4
2026-10-04T19:00,14.8,22.7,140.0,4.6,57.0,30.6,62.0,10.0
2026-10-04T20:00,14.6,22.1,130.0,4.9,52.0,30.6,62.0,9.4
2026-10-04T21:00,14.4,21.8,133.0,4.9,49.0,30.4,63.0,9.0
2026-10-04T22:00,14.2,21.5,143.0,4.8,48.0,30.2,64.0,8.9
2026-10-04T23:00,14.1,21.4,153.0,4.8,47.0,30.2,66.0,10.4
2026-10-05T00:00,13.8,21.0,162.0,4.8,46.0,29.4,71.0,8.0
2026-10-05T01:00,14.0,21.1,172.0,4.9,44.0,29.0,74.0,6.5
2026-10-05T02:00,14.1,21.2,180.0,5.2,43.0,28.6,78.0,4.8
2026-10-05T03:00,14.5,21.7,182.0,5.9,41.0,28.1,81.0,4.0
2026-10-05T04:00,15.1,22.4,183.0,6.9,39.0,27.7,84.0,4.8
2026-10-05T05:00,15.4,23.0,196.0,5.7,40.0,28.3,80.0,6.0
2026-10-05T06:00,16.7,23.9,237.0,6.5,41.0,28.2,79.0,5.2
2026-10-05T07:00,17.0,24.4,291.0,7.5,44.0,29.6,71.0,5.7
2026-10-05T08:00,17.4,25.0,319.0,7.8,51.0,30.9,65.0,6.6
2026-10-05T09:00,18.3,26.0,299.0,6.9,67.0,32.3,59.0,6.7
2026-10-05T10:00,19.6,27.8,254.0,5.3,87.0,33.7,53.0,5.8
2026-10-05T11:00,21.2,29.6,217.0,4.0,102.0,34.5,50.0,5.0
2026-10-05T12:00,20.6,28.0,202.0,3.1,107.0,34.5,50.0,7.5
2026-10-05T13:00,20.0,26.7,196.0,2.5,106.0,34.0,54.0,12.0
2026-10-05T14:00,18.5,24.6,193.0,2.4,101.0,31.9,60.0,9.8
2026-10-05T15:00,17.3,23.2,194.0,3.3,92.0,32.2,60.0,9.7
2026-10-05T16:00,15.8,21.4,199.0,4.8,79.0,31.5,63.0,10.7
2026-10-05T17:00,13.8,19.8,204.0,5.9,60.0,32.3,55.0,8.8
2026-10-05T18:00,13.2,19.4,206.0,6.3,56.0,31.6,58.0,8.4
2026-10-05T19:00,13.3,19.6,208.0,6.9,49.0,31.2,62.0,7.9
2026-10-05T20:00,13.9,20.3,222.0,7.5,45.0,30.9,63.0,8.3
2026-10-05T21:00,14.8,21.3,261.0,7.9,44.0,30.6,65.0,5.9
2026-10-05T22:00,15.3,21.4,310.0,8.3,44.0,30.3,68.0,4.4
2026-10-05T23:00,14.9,20.9,339.0,9.2,45.0,30.1,71.0,4.9
2026-10-06T00:00,13.6,18.6,326.0,10.9,46.0,28.8,80.0,7.2
2026-10-06T01:00,13.6,17.7,292.0,13.0,47.0,26.5,89.0,12.7
2026-10-06T02:00,14.0,17.5,270.0,14.8,48.0,24.6,96.0,6.4
2026-10-06T03:00,14.5,18.0,266.0,16.0,46.0,25.2,93.0,4.2
2026-10-06T04:00,15.1,18.3,274.0,16.9,43.0,25.4,93.0,2.3
2026-10-06T05:00,7.5,8.8,304.0,13.3,56.0,26.9,79.0,8.1
2026-10-06T06:00,8.5,8.9,384.0,14.6,60.0,27.1,76.0,5.4
2026-10-06T07:00,9.9,10.3,485.0,16.3,66.0,28.5,69.0,5.7
2026-10-06T08:00,11.4,11.9,533.0,16.8,77.0,31.0,57.0,6.1
2026-10-06T09:00,12.6,13.2,480.0,15.0,98.0,33.1,48.0,6.5
2026-10-06T10:00,14.5,15.1,374.0,11.9,124.0,34.4,44.0,6.1
2026-10-06T11:00,17.7,18.4,285.0,9.1,147.0,35.3,44.0,3.8
2026-10-06T12:00,21.3,22.2,239.0,6.9,166.0,35.3,45.0,4.1
2026-10-06T13:00,22.9,24.0,210.0,4.9,182.0,34.5,50.0,9.4
2026-10-06T14:00,22.5,23.8,194.0,3.8,186.0,32.1,57.0,13.6
2026-10-06T15:00,20.1,21.8,197.0,4.1,170.0,32.3,57.0,9.6
2026-10-06T16:00,17.8,20.5,214.0,5.2,143.0,31.2,63.0,12.1
2026-10-06T17:00,12.5,15.4,223.0,7.1,80.0,31.4,59.0,9.4
2026-10-06T18:00,10.7,13.6,214.0,7.8,73.0,31.0,60.0,7.2
2026-10-06T19:00,9.8,12.9,197.0,8.6,64.0,30.6,63.0,8.1
2026-10-06T20:00,9.4,12.5,183.0,9.2,57.0,30.3,63.0,8.0
2026-10-06T21:00,9.1,12.1,175.0,9.1,54.0,30.2,64.0,7.4
2026-10-06T22:00,8.9,12.0,170.0,8.7,52.0,30.0,66.0,7.5
2026-10-06T23:00,8.6,11.6,164.0,8.3,51.0,29.9,70.0,8.9
2026-10-07T00:00,8.5,11.6,153.0,8.0,49.0,29.3,75.0,5.9
2026-10-07T01:00,8.8,12.1,141.0,7.8,47.0,29.0,78.0,4.2
2026-10-07T02:00,9.6,13.1,141.0,7.9,45.0,28.7,79.0,4.2
2026-10-07T03:00,11.0,14.5,164.0,8.8,42.0,28.5,80.0,2.6
2026-10-07T04:00,12.0,15.5,200.0,10.1,39.0,28.4,83.0,1.0
2026-10-07T05:00,12.8,16.6,224.0,11.4,39.0,28.8,78.0,1.6
2026-10-07T06:00,15.5,19.4,229.0,10.2,41.0,28.5,82.0,3.3
2026-10-07T07:00,12.5,16.7,223.0,8.5,44.0,29.8,73.0,1.7
2026-10-07T08:00,10.9,15.3,211.0,6.9,49.0,31.1,63.0,3.2
2026-10-07T09:00,11.2,15.9,188.0,5.5,56.0,32.2,57.0,6.6
2026-10-07T10:00,12.3,17.8,158.0,4.2,65.0,33.1,53.0,8.6
2026-10-07T11:00,12.7,18.4,136.0,3.2,72.0,33.5,53.0,12.0
2026-10-07T12:00,15.7,22.6,130.0,2.5,76.0,33.1,54.0,12.6
2026-10-07T13:00,13.0,18.7,132.0,2.0,77.0,33.1,54.0,11.3
2026-10-07T14:00,12.9,18.3,136.0,2.0,76.0,32.9,53.0,9.4
2026-10-07T15:00,12.5,17.9,142.0,2.8,70.0,32.5,55.0,10.7
2026-10-07T16:00,11.7,17.0,150.0,4.1,60.0,31.8,56.0,10.2
2026-10-07T17:00,11.4,16.9,154.0,5.0,51.0,31.7,57.0,10.0
2026-10-07T18:00,11.5,16.8,150.0,5.7,47.0,31.1,59.0,8.6
2026-10-07T19:00,12.3,17.8,142.0,6.8,41.0,31.0,60.0,9.2
2026-10-07T20:00,13.0,18.7,135.0,7.6,37.0,30.7,62.0,9.8
2026-10-07T21:00,13.7,19.6,133.0,8.1,35.0,30.3,65.0,9.2
2026-10-07T22:00,14.4,20.4,132.0,8.3,34.0,30.1,67.0,8.9
2026-10-07T23:00,14.6,20.7,131.0,8.5,33.0,29.9,68.0,9.4
2026-10-08T00:00,14.6,20.6,128.0,8.5,33.0,29.6,70.0,6.4
2026-10-08T01:00,14.9,20.9,125.0,8.4,33.0,29.3,71.0,4.0
2026-10-08T02:00,15.1,21.2,125.0,8.3,34.0,29.1,72.0,1.9
2026-10-08T03:00,15.2,20.8,129.0,8.5,34.0,29.1,71.0,1.9
2026-10-08T04:00,14.6,19.9,137.0,8.6,35.0,29.0,72.0,3.2
2026-10-08T05:00,14.0,19.3,152.0,8.0,34.0,29.6,66.0,1.8
2026-10-08T06:00,14.8,19.7,182.0,7.3,37.0,29.3,70.0,3.1
2026-10-08T07:00,12.5,17.3,217.0,6.4,40.0,29.6,71.0,2.4
2026-10-08T08:00,11.3,16.1,237.0,5.4,44.0,30.8,63.0,2.2
2026-10-08T09:00,10.8,15.5,225.0,4.4,48.0,31.9,57.0,5.9
2026-10-08T10:00,10.7,15.5,197.0,3.4,52.0,32.6,54.0,8.7
2026-10-08T11:00,11.0,16.1,174.0,2.7,55.0,33.7,51.0,10.5
2026-10-08T12:00,11.6,16.9,164.0,2.2,57.0,33.5,52.0,11.9
2026-10-08T13:00,11.6,17.0,160.0,1.9,59.0,33.2,53.0,12.2
2026-10-08T14:00,11.7,17.0,160.0,2.1,58.0,33.0,54.0,11.6
2026-10-08T15:00,11.2,16.2,166.0,2.8,54.0,32.5,55.0,11.4
2026-10-08T16:00,10.6,15.4,176.0,3.9,48.0,31.7,59.0,11.1
2026-10-08T17:00,10.1,14.8,182.0,5.2,43.0,31.0,62.0,9.8
2026-10-08T18:00,10.5,15.3,179.0,6.6,39.0,30.5,64.0,9.0
2026-10-08T19:00,11.6,16.5,173.0,8.2,35.0,30.4,65.0,7.4
2026-10-08T20:00,12.6,17.8,172.0,9.4,33.0,30.4,65.0,7.0
2026-10-08T21:00,13.7,18.9,177.0,10.0,32.0,30.2,66.0,6.6
2026-10-08T22:00,15.3,20.4,186.0,10.2,32.0,30.0,67.0,6.1
2026-10-08T23:00,16.2,21.3,204.0,10.8,32.0,29.8,68.0,4.5
2026-10-09T00:00,16.8,21.7,235.0,12.1,31.0,29.5,70.0,4.3
2026-10-09T01:00,16.6,21.4,274.0,13.7,29.0,29.2,71.0,4.1
2026-10-09T02:00,16.9,21.5,312.0,15.0,27.0,28.9,72.0,2.8
2026-10-09T03:00,17.5,21.9,351.0,16.2,25.0,28.7,75.0,1.4
2026-10-09T04:00,17.5,21.9,389.0,17.2,24.0,28.4,77.0,0.2
2026-10-09T05:00,17.8,22.3,412.0,17.1,24.0,28.0,78.0,1.2
2026-10-09T06:00,19.1,23.6,412.0,15.2,28.0,27.8,81.0,3.1
2026-10-09T07:00,15.9,20.8,397.0,12.2,33.0,29.3,73.0,2.3
2026-10-09T08:00,14.1,19.3,378.0,9.5,40.0,30.9,63.0,2.6
2026-10-09T09:00,14.1,19.6,358.0,7.4,48.0,32.1,56.0,4.7
2026-10-09T10:00,14.4,20.1,333.0,5.5,57.0,33.1,52.0,7.2
2026-10-09T11:00,14.6,20.6,304.0,4.0,64.0,33.6,50.0,9.2
2026-10-09T12:00,14.5,20.6,264.0,3.0,67.0,33.7,50.0,11.8
2026-10-09T13:00,14.7,20.6,219.0,2.5,68.0,33.3,50.0,12.5
2026-10-09T14:00,14.5,20.1,187.0,2.5,67.0,32.8,52.0,12.8
2026-10-09T15:00,14.8,20.5,179.0,3.3,63.0,32.1,56.0,12.9
2026-10-09T16:00,15.1,21.1,184.0,4.7,57.0,31.3,59.0,11.5
2026-10-09T17:00,15.4,22.1,187.0,6.0,51.0,30.3,63.0,9.7
2026-10-09T18:00,15.4,21.9,179.0,7.2,46.0,29.9,69.0,9.1
2026-10-09T19:00,16.1,22.6,168.0,8.3,42.0,29.8,70.0,8.1
2026-10-09T20:00,16.9,23.5,168.0,9.3,39.0,29.6,71.0,7.6
2026-10-09T21:00,17.8,24.4,181.0,10.0,38.0,29.5,72.0,6.0
2026-10-09T22:00,18.9,25.6,205.0,10.5,37.0,29.4,73.0,4.3
2026-10-09T23:00,20.1,26.8,242.0,10.9,37.0,29.2,74.0,2.9
2026-10-10T00:00,21.0,27.7,310.0,11.1,37.0,28.9,77.0,0.6
2026-10-10T01:00,22.6,29.2,392.0,11.2,37.0,28.4,78.0,2.8
2026-10-10T02:00,23.0,29.6,440.0,11.2,37.0,27.9,81.0,4.2
2026-10-10T03:00,22.1,28.6,422.0,11.2,37.0,27.4,84.0,5.3
2026-10-10T04:00,21.7,28.1,371.0,11.1,37.0,26.9,86.0,5.4
2026-10-10T05:00,21.4,27.5,333.0,11.1,38.0,26.7,87.0,5.0
2026-10-10T06:00,22.5,28.4,332.0,11.6,38.0,26.6,87.0,4.8
2026-10-10T07:00,21.8,28.5,345.0,12.2,38.0,28.0,80.0,3.9
2026-10-10T08:00,19.7,26.8,347.0,12.2,44.0,29.9,71.0,1.9
2026-10-10T09:00,20.7,28.5,324.0,11.1,60.0,31.6,60.0,3.0
2026-10-10T10:00,22.6,31.4,291.0,9.3,81.0,33.0,52.0,5.5
2026-10-10T11:00,23.2,31.9,263.0,7.5,95.0,33.5,49.0,9.8
2026-10-10T12:00,23.7,32.8,247.0,5.7,96.0,33.4,50.0,12.9
2026-10-10T13:00,22.4,31.2,237.0,3.9,91.0,33.2,47.0,14.0
2026-10-10T14:00,21.2,30.0,227.0,2.9,85.0,32.9,48.0,13.2
2026-10-10T15:00,20.4,29.5,215.0,3.3,79.0,32.3,51.0,12.4
2026-10-10T16:00,19.9,29.0,204.0,4.5,72.0,31.1,59.0,12.6
2026-10-10T17:00,20.1,29.3,195.0,5.8,67.0,30.0,62.0,10.5
2026-10-10T18:00,20.8,30.3,189.0,6.7,66.0,29.4,67.0,8.9
2026-10-10T19:00,21.9,32.1,186.0,7.7,67.0,29.1,71.0,7.4
2026-10-10T20:00,23.6,34.6,185.0,8.9,67.0,29.0,71.0,5.7
2026-10-10T21:00,25.4,37.4,188.0,10.7,66.0,28.8,72.0,4.8
2026-10-10T22:00,27.0,39.8,194.0,12.7,64.0,28.5,74.0,4.2
2026-10-10T23:00,28.2,41.6,193.0,14.2,63.0,28.2,76.0,3.6
2026-10-11T00:00,29.2,43.0,178.0,14.7,63.0,27.8,79.0,3.3
2026-10-11T01:00,30.0,44.2,158.0,14.5,63.0,27.6,80.0,2.5
2026-10-11T02:00,30.4,45.1,149.0,14.3,64.0,27.4,81.0,3.4
2026-10-11T03:00,30.6,45.9,162.0,14.3,64.0,27.3,82.0,4.1
2026-10-11T04:00,31.0,46.6,187.0,14.1,65.0,27.2,83.0,3.3
2026-10-11T05:00,31.4,47.3,205.0,13.2,68.0,26.9,85.0,3.8
2026-10-11T06:00,33.5,49.7,210.0,10.9,76.0,26.9,86.0,4.4
2026-10-11T07:00,30.5,46.8,208.0,7.8,86.0,28.4,78.0,3.6
2026-10-11T08:00,27.3,44.4,203.0,5.2,95.0,30.2,66.0,6.3
2026-10-11T09:00,26.5,43.5,194.0,3.5,102.0,31.4,59.0,8.4
2026-10-11T10:00,26.1,42.8,182.0,2.4,107.0,32.2,56.0,10.2
2026-10-11T11:00,26.1,42.6,173.0,1.6,111.0,32.6,54.0,11.7
2026-10-11T12:00,26.3,42.7,171.0,1.2,112.0,32.5,54.0,13.0
2026-10-11T13:00,26.3,42.6,174.0,1.3,110.0,32.5,53.0,13.7
2026-10-11T14:00,26.5,42.8,177.0,1.5,108.0,32.0,57.0,12.8
2026-10-11T15:00,26.8,43.7,182.0,2.0,105.0,31.6,59.0,12.6
2026-10-11T16:00,27.2,44.5,189.0,2.6,102.0,30.8,63.0,12.7
2026-10-11T17:00,27.6,45.1,193.0,3.2,100.0,29.9,68.0,12.0
2026-10-11T18:00,27.7,44.9,192.0,3.5,100.0,29.5,71.0,11.7
2026-10-11T19:00,27.7,44.7,187.0,3.7,100.0,29.6,70.0,12.0
2026-10-11T20:00,27.5,43.8,185.0,4.1,101.0,29.5,70.0,10.7
2026-10-11T21:00,27.5,43.1,187.0,4.8,101.0,29.5,70.0,9.4
2026-10-11T22:00,27.8,43.1,191.0,5.7,101.0,29.4,70.0,8.6
2026-10-11T23:00,27.7,42.4,193.0,6.1,101.0,29.1,72.0,8.1
2026-10-12T00:00,27.4,41.2,191.0,5.7,101.0,28.8,73.0,8.0
2026-10-12T01:00,26.0,38.3,187.0,4.9,102.0,28.6,74.0,8.1
2026-10-12T02:00,23.9,34.7,185.0,4.2,103.0,28.3,75.0,7.3
2026-10-12T03:00,22.7,32.4,188.0,3.9,103.0,28.1,77.0,6.4
2026-10-12T04:00,22.8,32.4,193.0,3.7,103.0,27.3,81.0,7.4
2026-10-12T05:00,23.2,32.6,205.8,3.7,106.0,27.3,82.0,5.6
2026-10-12T06:00,23.8,32.5,218.5,3.9,113.0,27.7,80.0,6.5
2026-10-12T07:00,23.2,31.4,235.0,4.2,123.0,28.3,76.0,8.2
2026-10-12T08:00,21.7,28.9,253.0,4.1,130.0,29.1,72.0,9.6
2026-10-12T09:00,20.0,26.1,254.0,3.4,133.0,29.9,69.0,11.1
2026-10-12T10:00,19.9,25.7,254.0,2.3,134.0,30.9,65.0,12.9
2026-10-12T11:00,20.8,27.1,255.0,1.5,134.0,31.6,62.0,14.7
2026-10-12T12:00,20.8,27.4,258.0,1.3,132.0,32.2,59.0,15.6
2026-10-12T13:00,20.7,27.4,262.0,1.3,128.0,32.5,56.0,15.9
2026-10-12T14:00,21.5,28.8,267.0,1.6,125.0,32.5,56.0,16.2
2026-10-12T15:00,22.2,30.0,275.0,2.2,122.0,31.9,58.0,16.3
2026-10-12T16:00,24.5,33.3,284.0,3.0,119.0,30.9,63.0,16.3
2026-10-12T17:00,27.0,36.8,294.0,3.6,117.0,30.2,67.0,16.1
2026-10-12T18:00,29.2,39.7,304.0,3.9,116.0,29.8,69.0,15.6
2026-10-12T19:00,30.9,42.0,315.0,3.9,116.0,29.6,71.0,14.7
2026-10-12T20:00,32.0,43.5,323.0,4.0,116.0,29.5,72.0,13.8
2026-10-12T21:00,32.6,44.4,328.0,4.1,117.0,29.3,73.0,12.5
2026-10-12T22:00,32.9,44.8,331.0,4.1,117.0,29.1,74.0,11.3
2026-10-12T23:00,32.8,44.9,331.0,4.1,118.0,28.9,75.0,10.3
